old_path,destination,status,confidence,why
/products/kensington-35-5-right-drawers-in-all-wood-vanity-in-navy-blue-cabinet-only,https://globalvaluesupply.com/products/kensington-35-5-right-drawers-in-all-wood-vanity-in-navy-blue-cabinet-only,301,HIGH,not on new BVO; exact same handle exists on GVS
/products/atlanta-59-5-inch-double-bathroom-vanity-in-white,https://globalvaluesupply.com/products/atlanta-59-5-inch-double-bathroom-vanity-in-white,301,HIGH,not on new BVO; exact same handle exists on GVS
/collections/bathroom-vanities-1/36-inch,https://www.bathroomvanitiesoutlet.com/collections/bathroom-vanities,301,MED,"duplicate of bathroom-vanities; tag segment ""36-inch"" dropped"
/collections/in-stock-bathroom-vanities-at-norcross/30-inch?page=2,https://globalvaluesupply.com/collections/bathroom-vanities-outlet,301,MED,"in-stock showroom stock lives on GVS; tag segment ""30-inch"" dropped"
/products/kensington-84-in-solid-wood-vanity-in-gray-cabinet-only,https://globalvaluesupply.com/products/kensington-84-in-solid-wood-vanity-in-gray-cabinet-only,301,HIGH,not on new BVO; exact same handle exists on GVS
/products/kensington-60-in-solid-wood-vanity-in-metal-gray-cabinet-only,https://globalvaluesupply.com/products/kensington-60-in-solid-wood-vanity-in-metal-gray-cabinet-only,301,HIGH,not on new BVO; exact same handle exists on GVS
/products/sofi-60-in-x-79-in-frameless-rolling-shower-door-in-champaign-gold,https://globalvaluesupply.com/collections/bathroom-vanities-outlet,301,MED,shower door/valve — new BVO carries none; GVS does
/products/stock-top-3-cm-woodgrain-quartz-30-5-in-w-x-22-in-d,https://globalvaluesupply.com/products/stock-top-3-cm-woodgrain-quartz-30-5-in-w-x-22-in-d,301,HIGH,not on new BVO; exact same handle exists on GVS
/products/stock-top-3-cm-calacatta-white-quartz-48-5-in-w-x-22-in-d,https://globalvaluesupply.com/products/stock-top-3-cm-calacatta-white-quartz-48-5-in-w-x-22-in-d,301,HIGH,not on new BVO; exact same handle exists on GVS
/collections/wood-bathroom-vanity-cabinets/84-inch,https://www.bathroomvanitiesoutlet.com/collections/bathroom-vanity-cabinets,301,MED,"cabinets-only equivalent; tag segment ""84-inch"" dropped"
/products/marietta-59-5-inch-double-bathroom-vanity-in-blue,https://globalvaluesupply.com/products/marietta-59-5-inch-double-bathroom-vanity-in-blue,301,HIGH,not on new BVO; exact same handle exists on GVS
/products/24-droplet-vanity-with-quartz-top,https://www.bathroomvanitiesoutlet.com/collections/bathroom-vanities?size_in=24,301,MED,model discontinued on both catalogues; 24in size intent preserved
/products/050-s30-vsl-snk,https://www.bathroomvanitiesoutlet.com/products/050-s30-vsl-snk,301,HIGH,exact slug match
/collections/bathroom-vanities/30-inch,https://www.bathroomvanitiesoutlet.com/collections/bathroom-vanities,301,MED,"direct equivalent; tag segment ""30-inch"" dropped"
/products/060-s48rc-wz-snk,https://www.bathroomvanitiesoutlet.com/products/060-s48rc-wz-snk,301,HIGH,exact slug match
/collections/in-stock-bathroom-vanity-tops-with-sink/30-inch,https://globalvaluesupply.com/collections/bathroom-vanities-outlet,301,MED,"in-stock tops live on GVS; tag segment ""30-inch"" dropped"
/collections/all-products/24-inch?page=2,https://www.bathroomvanitiesoutlet.com/collections,301,MED,"catch-all index; tag segment ""24-inch"" dropped"
/products/kensington-30-left-in-solid-wood-vanity-in-metal-gray-cabinet-only,https://globalvaluesupply.com/products/kensington-30-left-in-solid-wood-vanity-in-metal-gray-cabinet-only,301,HIGH,not on new BVO; exact same handle exists on GVS
/products/marietta-53-5-inch-single-bathroom-vanity-in-blue,https://globalvaluesupply.com/products/marietta-53-5-inch-single-bathroom-vanity-in-white,301,MED,"hand-matched: same model+size, colour differs (blue not made in 53.5)"
/collections/er-vanities,https://globalvaluesupply.com/collections/bathroom-vanities-outlet,301,HIGH,Ethan Roth -> GVS per 2026-09-24
/products/kensington-96-inch-all-wood-vanity-in-navy-blue-cabinet-only,https://globalvaluesupply.com/products/kensington-96-inch-all-wood-vanity-in-navy-blue-cabinet-only,301,HIGH,not on new BVO; exact same handle exists on GVS
/products/marietta-71-5-inch-double-bathroom-vanity-in-blue,https://globalvaluesupply.com/products/marietta-71-5-inch-double-bathroom-vanity-in-blue,301,HIGH,not on new BVO; exact same handle exists on GVS
/collections/bathroom-vanities/36-inch,https://www.bathroomvanitiesoutlet.com/collections/bathroom-vanities,301,MED,"direct equivalent; tag segment ""36-inch"" dropped"
/collections/atlanta-vanities-bathworks?page=2,https://globalvaluesupply.com/collections/bathroom-vanities-outlet,301,MED,"Atlanta V&B brand lives on GVS; query ""page=2"" dropped"
/products/london-35-5-inch-single-bathroom-vanity-in-desert-oak,https://globalvaluesupply.com/products/london-35-5-inch-single-bathroom-vanity-in-desert-oak,301,HIGH,not on new BVO; exact same handle exists on GVS
/products/040-s72-car-snk,https://www.bathroomvanitiesoutlet.com/products/040-s72-car-snk,301,HIGH,exact slug match
/products/051-s30-bs-wz,https://www.bathroomvanitiesoutlet.com/products/051-s30-bs-wz,301,HIGH,exact slug match
/products/050-s60s-pht-snk,https://www.bathroomvanitiesoutlet.com/products/050-s60s-pht-snk,301,HIGH,exact slug match
/products/73-pure-white-quartz-top-add-on,https://www.bathroomvanitiesoutlet.com/collections/bathroom-vanity-tops,301,MED,vanity top / add-on with no standalone page
/products/porter-bronze-single-handle-lavatory-faucet-4-in,https://www.bathroomvanitiesoutlet.com/collections/faucets,301,MED,discontinued third-party faucet/fixture
/,https://www.bathroomvanitiesoutlet.com/,301,HIGH,homepage
/products/pivotal-two-handle-widespread-bathroom-faucet-stainless,https://www.bathroomvanitiesoutlet.com/collections/faucets,301,MED,discontinued third-party faucet/fixture
/products/24-adare-vanity-in-distressed-gray,https://www.bathroomvanitiesoutlet.com/collections/bathroom-vanities?size_in=24,301,MED,model discontinued on both catalogues; 24in size intent preserved
/products/bristol-59-5-in-single-sink-all-wood-vanity-in-natural-white-ash-cabinet-only,https://globalvaluesupply.com/products/bristol-59-5-in-single-sink-all-wood-vanity-in-natural-white-ash-cabinet-only,301,HIGH,not on new BVO; exact same handle exists on GVS
/products/delta-compel-tissue-holder-stainless,https://www.bathroomvanitiesoutlet.com/collections/faucets,301,MED,discontinued third-party faucet/fixture
/products/danze-amalfi-single-handle-tube-shower-trim-kit,https://www.bathroomvanitiesoutlet.com/collections/faucets,301,MED,discontinued third-party faucet/fixture
/products/stock-top-3-cm-woodgrain-quartz-24-5-in-w-x-22-in-d,https://globalvaluesupply.com/products/stock-top-3-cm-woodgrain-quartz-24-5-in-w-x-22-in-d,301,HIGH,not on new BVO; exact same handle exists on GVS
/products/danze-d304130-brushed-nickel-widespread-bathroom-faucet-from-the-amalfi-collection-valve,https://www.bathroomvanitiesoutlet.com/collections/faucets,301,MED,discontinued third-party faucet/fixture
/collections/freestanding-and-other-tubs/67-inch,https://globalvaluesupply.com/collections/bathroom-vanities-outlet,301,MED,"tubs not carried on new BVO; tag segment ""67-inch"" dropped"
/collections/bathroom-vanities/48-inch,https://www.bathroomvanitiesoutlet.com/collections/bathroom-vanities,301,MED,"direct equivalent; tag segment ""48-inch"" dropped"
/products/kensington-60-single-in-solid-wood-vanity-in-metal-gray-cabinet-only,https://globalvaluesupply.com/products/kensington-60-single-in-solid-wood-vanity-in-metal-gray-cabinet-only,301,HIGH,not on new BVO; exact same handle exists on GVS
/products/050-s36-enc-snk,https://www.bathroomvanitiesoutlet.com/products/050-s36-enc-snk,301,HIGH,exact slug match
/products/oxford-41-5-inch-bathroom-vanity-in-sage-green,https://globalvaluesupply.com/products/oxford-41-5-inch-bathroom-vanity-in-sage-green,301,HIGH,not on new BVO; exact same handle exists on GVS
/collections/in-stock-bathroom-vanities-at-norcross,https://globalvaluesupply.com/collections/bathroom-vanities-outlet,301,HIGH,in-stock showroom stock lives on GVS
/products/nearme-miami-23-5-inch-bathroom-vanity-grey,https://globalvaluesupply.com/products/nearme-miami-23-5-inch-bathroom-vanity-grey,301,HIGH,not on new BVO; exact same handle exists on GVS
/products/050-s60d-ldl-snk,https://www.bathroomvanitiesoutlet.com/products/050-s60d-ldl-snk,301,HIGH,exact slug match
/collections/atlanta-vanities-bathworks/48-inch,https://globalvaluesupply.com/collections/bathroom-vanities-outlet,301,MED,"Atlanta V&B brand lives on GVS; tag segment ""48-inch"" dropped"
/products/delta-downing-spotshield-brushed-nickel-2-handle-widespread-faucet,https://www.bathroomvanitiesoutlet.com/collections/faucets,301,MED,discontinued third-party faucet/fixture
/collections/in-stock-bathroom-vanity-tops-with-sink?page=2,https://globalvaluesupply.com/collections/bathroom-vanities-outlet,301,MED,"in-stock tops live on GVS; query ""page=2"" dropped"
/collections/bathroom-vanities-80-inches-plus,https://www.bathroomvanitiesoutlet.com/collections/bathroom-vanities?min_size_in=80,301,MED,80in-plus filter
/products/050-s48-tjr-snk,https://www.bathroomvanitiesoutlet.com/products/050-s48-tjr-snk,301,HIGH,exact slug match
/collections/types?q=bathroom,https://www.bathroomvanitiesoutlet.com/collections/bathroom-vanities,301,MED,types/* search URL with no size constraint
/collections/all-products/30-inch,https://www.bathroomvanitiesoutlet.com/collections,301,MED,"catch-all index; tag segment ""30-inch"" dropped"
/products/oxford-47-5-inch-bathroom-vanity-in-whitewashed-ash,https://globalvaluesupply.com/products/oxford-47-5-inch-bathroom-vanity-in-whitewashed-ash,301,HIGH,not on new BVO; exact same handle exists on GVS
/products/kennesaw-59-5-inch-single-bathroom-vanity-in-charcoal-grey,https://globalvaluesupply.com/products/kennesaw-59-5-inch-single-bathroom-vanity-in-charcoal-grey,301,HIGH,not on new BVO; exact same handle exists on GVS
/products/090-s30-car-snk,https://www.bathroomvanitiesoutlet.com/products/090-s30-car-snk,301,HIGH,exact slug match
/collections/in-stock-bathroom-vanities-at-norcross/60-inch,https://globalvaluesupply.com/collections/bathroom-vanities-outlet,301,MED,"in-stock showroom stock lives on GVS; tag segment ""60-inch"" dropped"
/collections/freestanding-and-other-tubs/60-Inch,https://globalvaluesupply.com/collections/bathroom-vanities-outlet,301,MED,"tubs not carried on new BVO; tag segment ""60-Inch"" dropped"
/products/nearme-dallas-35-5-inch-bathroom-vanity-in-sage-cabinet-only,https://globalvaluesupply.com/products/nearme-dallas-35-5-inch-bathroom-vanity-in-sage-cabinet-only,301,HIGH,not on new BVO; exact same handle exists on GVS
/products/summer-67-inch-freestanding-tub,https://globalvaluesupply.com/products/summer-67-inch-freestanding-tub,301,HIGH,not on new BVO; exact same handle exists on GVS
/collections/bathroom-vanities/36-inch?page=2,https://www.bathroomvanitiesoutlet.com/collections/bathroom-vanities,301,MED,"direct equivalent; tag segment ""36-inch"" dropped"
/products/delta-mandara-widespread-bathroom-faucet,https://www.bathroomvanitiesoutlet.com/collections/faucets,301,MED,discontinued third-party faucet/fixture
/products/copy-of-oxford-36-inch-bathroom-vanity-in-sage-green,https://globalvaluesupply.com/products/copy-of-oxford-36-inch-bathroom-vanity-in-sage-green,301,HIGH,not on new BVO; exact same handle exists on GVS
/collections/all-products?page=4,https://www.bathroomvanitiesoutlet.com/collections,301,MED,"catch-all index; query ""page=4"" dropped"
/products/kennesaw-47-5-inch-bathroom-vanity-in-charcoal-grey,https://globalvaluesupply.com/products/kennesaw-47-5-inch-bathroom-vanity-in-charcoal-grey,301,HIGH,not on new BVO; exact same handle exists on GVS
/products/kensington-29-5-left-drawers-in-all-wood-vanity-in-navy-blue-cabinet-only,https://globalvaluesupply.com/products/kensington-29-5-left-drawers-in-all-wood-vanity-in-navy-blue-cabinet-only,301,HIGH,not on new BVO; exact same handle exists on GVS
/products/oxford-41-5-inch-bathroom-vanity-in-black,https://globalvaluesupply.com/products/oxford-41-5-inch-bathroom-vanity-in-black,301,HIGH,not on new BVO; exact same handle exists on GVS
/products/marietta-35-5-inch-bathroom-vanity-in-blue,https://globalvaluesupply.com/products/marietta-35-5-inch-bathroom-vanity-in-blue,301,HIGH,not on new BVO; exact same handle exists on GVS
/collections/in-stock-bathroom-vanities-at-norcross/36-inch,https://globalvaluesupply.com/collections/bathroom-vanities-outlet,301,MED,"in-stock showroom stock lives on GVS; tag segment ""36-inch"" dropped"
/products/oxford-30-inch-bathroom-vanity-in-sage-green,https://globalvaluesupply.com/products/oxford-30-inch-bathroom-vanity-in-sage-green,301,HIGH,not on new BVO; exact same handle exists on GVS
/products/csp-s3216-wg,https://www.bathroomvanitiesoutlet.com/products/csp-s3216-wg,301,HIGH,exact slug match
/search,https://www.bathroomvanitiesoutlet.com/search,301,HIGH,search page
/products/copy-of-24-tier-1-top-add-on,https://globalvaluesupply.com/products/copy-of-24-tier-1-top-add-on,301,HIGH,not on new BVO; exact same handle exists on GVS
/products/051-s60s-bs-wz,https://www.bathroomvanitiesoutlet.com/products/051-s60s-bs-wz,301,HIGH,exact slug match
/collections/wood-bathroom-vanity-cabinets/72-inch,https://www.bathroomvanitiesoutlet.com/collections/bathroom-vanity-cabinets,301,MED,"cabinets-only equivalent; tag segment ""72-inch"" dropped"
/collections/all/products/050-s48-pht-snk,https://www.bathroomvanitiesoutlet.com/products/050-s48-pht-snk,301,HIGH,exact slug match (nested path stripped)
/products/sarah-63-inch-freestanding-soaking-tub,https://globalvaluesupply.com/products/sarah-63-inch-freestanding-soaking-tub,301,HIGH,not on new BVO; exact same handle exists on GVS
/collections/wood-bathroom-vanity-cabinets,https://www.bathroomvanitiesoutlet.com/collections/bathroom-vanity-cabinets,301,HIGH,cabinets-only equivalent
/products/kensington-29-5-right-drawers-in-all-wood-vanity-in-desert-oak-cabinet-only,https://globalvaluesupply.com/products/kensington-29-5-right-drawers-in-all-wood-vanity-in-desert-oak-cabinet-only,301,HIGH,not on new BVO; exact same handle exists on GVS
/collections/double-bathroom-vanity/84-inch,https://www.bathroomvanitiesoutlet.com/collections/bathroom-vanities?sink_count=2,301,MED,"double-sink filter; tag segment ""84-inch"" dropped"
/products/london-59-5-inch-single-bathroom-vanity-in-desert-oak,https://globalvaluesupply.com/products/london-59-5-inch-single-bathroom-vanity-in-desert-oak,301,HIGH,not on new BVO; exact same handle exists on GVS
/collections/in-stock-bathroom-vanities-at-norcross/48-inch,https://globalvaluesupply.com/collections/bathroom-vanities-outlet,301,MED,"in-stock showroom stock lives on GVS; tag segment ""48-inch"" dropped"
/products/30-tier-2-top-add-on,https://globalvaluesupply.com/products/30-tier-2-top-add-on,301,HIGH,not on new BVO; exact same handle exists on GVS
/collections/in-stock-bathroom-vanity-tops-with-sink/36-inch,https://globalvaluesupply.com/collections/bathroom-vanities-outlet,301,MED,"in-stock tops live on GVS; tag segment ""36-inch"" dropped"
/collections/in-stock-bathroom-vanities-at-norcross?page=7,https://globalvaluesupply.com/collections/bathroom-vanities-outlet,301,MED,"in-stock showroom stock lives on GVS; query ""page=7"" dropped"
/products/stock-top-2-cm-pure-white-53-5-in-w-x-22-in-d-1,https://globalvaluesupply.com/products/stock-top-2-cm-pure-white-53-5-in-w-x-22-in-d-1,301,HIGH,not on new BVO; exact same handle exists on GVS
/products/elegant-decor-mre63072bk-30-x-72-in-pier-3000k-4200k-6400k-led-mirror-with-adjustable-color-temperature-in-black,https://www.bathroomvanitiesoutlet.com/collections/bathroom-mirrors,301,MED,discontinued mirror
/collections/bathroom-vanities/24-inch,https://www.bathroomvanitiesoutlet.com/collections/bathroom-vanities,301,MED,"direct equivalent; tag segment ""24-inch"" dropped"
/products/pfister-karci-widespread-faucet-in-black,https://www.bathroomvanitiesoutlet.com/collections/faucets,301,MED,discontinued third-party faucet/fixture
/products/nearme-new-york-23-5-inch-bathroom-vanity-in-white-cabinet-only,https://globalvaluesupply.com/products/nearme-new-york-23-5-inch-bathroom-vanity-in-white-cabinet-only,301,HIGH,not on new BVO; exact same handle exists on GVS
/collections/in-stock-bathroom-vanity-tops-with-sink/48-inch,https://globalvaluesupply.com/collections/bathroom-vanities-outlet,301,MED,"in-stock tops live on GVS; tag segment ""48-inch"" dropped"
/products/windsor-36-right-drawers-in-all-wood-vanity-in-bright-white-cabinet-only,https://globalvaluesupply.com/products/windsor-36-right-drawers-in-all-wood-vanity-in-bright-white-cabinet-only,301,HIGH,not on new BVO; exact same handle exists on GVS
/products/oxford-47-5-inch-bathroom-vanity-in-sage-green?variant=42793399550134&country=US&currency=USD,https://globalvaluesupply.com/products/oxford-47-5-inch-bathroom-vanity-in-sage-green,301,HIGH,not on new BVO; exact same handle exists on GVS
/products/kennesaw-59-5-inch-single-bathroom-vanity-in-white,https://globalvaluesupply.com/products/kennesaw-59-5-inch-single-bathroom-vanity-in-white,301,HIGH,not on new BVO; exact same handle exists on GVS
/products/30-tier-1-top-add-on,https://globalvaluesupply.com/products/30-tier-1-top-add-on,301,HIGH,not on new BVO; exact same handle exists on GVS
/products/43-pure-white-quartz-top-add-on,https://globalvaluesupply.com/products/43-pure-white-quartz-top-add-on,301,HIGH,not on new BVO; exact same handle exists on GVS
/collections/bathroom-vanities/84-inch,https://www.bathroomvanitiesoutlet.com/collections/bathroom-vanities,301,MED,"direct equivalent; tag segment ""84-inch"" dropped"
/products/danze-single-control-pressure-balance-mixing-valve,https://www.bathroomvanitiesoutlet.com/collections/faucets,301,MED,discontinued third-party faucet/fixture
/products/oxford-47-5-inch-bathroom-vanity-in-sage-green,https://globalvaluesupply.com/products/oxford-47-5-inch-bathroom-vanity-in-sage-green,301,HIGH,not on new BVO; exact same handle exists on GVS
/products/kennesaw-59-5-inch-double-bathroom-vanity-in-white,https://globalvaluesupply.com/products/kennesaw-59-5-inch-double-bathroom-vanity-in-white,301,HIGH,not on new BVO; exact same handle exists on GVS
/products/bristol-71-5-in-double-sink-all-wood-vanity-in-natural-white-ash-cabinet-only,https://globalvaluesupply.com/products/bristol-71-5-in-double-sink-all-wood-vanity-in-natural-white-ash-cabinet-only,301,HIGH,not on new BVO; exact same handle exists on GVS
/products/clifden-24-white-vanity-with-quartz-top,https://www.bathroomvanitiesoutlet.com/collections/bathroom-vanities?size_in=24,301,MED,hand-reviewed: only a 36in Clifden exists; size intent preserved instead
/products/30-frey-wall-mount-vanity-whitewashed-pine,https://globalvaluesupply.com/products/30-frey-wall-mount-vanity-whitewashed-pine,301,HIGH,not on new BVO; exact same handle exists on GVS
/products/copy-of-london-59-5-inch-single-bathroom-vanity-in-desert-oak,https://globalvaluesupply.com/products/copy-of-london-59-5-inch-single-bathroom-vanity-in-desert-oak,301,HIGH,not on new BVO; exact same handle exists on GVS
/products/36-portage-peak-vanity-in-gray-with-white-quartz-top,https://globalvaluesupply.com/products/36-portage-peak-vanity-in-gray-with-white-quartz-top,301,HIGH,not on new BVO; exact same handle exists on GVS
/products/marietta-59-5-inch-single-bathroom-vanity-in-desert-oak-cabinet-only,https://globalvaluesupply.com/products/marietta-59-5-inch-single-bathroom-vanity-in-desert-oak-cabinet-only,301,HIGH,not on new BVO; exact same handle exists on GVS
/products/delta-grail-18-towel-bar-stainless,https://www.bathroomvanitiesoutlet.com/collections/faucets,301,MED,discontinued third-party faucet/fixture
/products/the-gabi-60-inch-rustic-ash-vanity,https://www.bathroomvanitiesoutlet.com/collections/bathroom-vanities?size_in=60,301,MED,model discontinued on both catalogues; 60in size intent preserved
/products/kennesaw-71-5-inch-double-bathroom-vanity-in-charcoal-grey,https://globalvaluesupply.com/products/kennesaw-71-5-inch-double-bathroom-vanity-in-charcoal-grey,301,HIGH,not on new BVO; exact same handle exists on GVS
/products/nearme-new-york-35-5-inch-bathroom-vanity-in-blue-cabinet-only,https://globalvaluesupply.com/products/nearme-new-york-35-5-inch-bathroom-vanity-in-blue-cabinet-only,301,HIGH,not on new BVO; exact same handle exists on GVS
/products/kensington-23-bridge-drawer-in-bright-white-cabinet-only,https://globalvaluesupply.com/products/kensington-23-bridge-drawer-in-bright-white-cabinet-only,301,HIGH,not on new BVO; exact same handle exists on GVS
/collections/bathroom-vanities-1/48-inch,https://www.bathroomvanitiesoutlet.com/collections/bathroom-vanities,301,MED,"duplicate of bathroom-vanities; tag segment ""48-inch"" dropped"
/products/060-s36rcws-tjr-snk,https://www.bathroomvanitiesoutlet.com/products/060-s36rcws-tjr-snk,301,HIGH,exact slug match
/products/danze-brushed-nickel-widespread-bathroom-faucet-from-the-amalfi-collection,https://globalvaluesupply.com/products/danze-brushed-nickel-widespread-bathroom-faucet-from-the-amalfi-collection,301,HIGH,not on new BVO; exact same handle exists on GVS
/products/marietta-41-5-inch-single-bathroom-vanity-in-dark-blue-cabinet-only,https://globalvaluesupply.com/products/marietta-41-5-inch-single-bathroom-vanity-in-dark-blue-cabinet-only,301,HIGH,not on new BVO; exact same handle exists on GVS
/products/danze-antioch-1-handle-tub-and-shower-faucet-trim-kit-in-brushed-nickle,https://www.bathroomvanitiesoutlet.com/collections/faucets,301,MED,discontinued third-party faucet/fixture
/products/24-osa-teak-vanity-natural-teak-vanity-cabinet-only,https://globalvaluesupply.com/products/osa-24-vanity-in-natural-teak-base-only,301,HIGH,hand-matched: same product on GVS
/products/danze-d304087-south-shore-double-handle-bathroom-faucet-1,https://globalvaluesupply.com/products/danze-d304087-south-shore-double-handle-bathroom-faucet,301,MED,"Shopify duplicate handle; matched base slug ""danze-d304087-south-shore-double-handle-bathroom-faucet"" on GVS"
/products/kensington-60-single-in-solid-wood-vanity-in-bright-white-cabinet-only,https://globalvaluesupply.com/products/kensington-60-single-in-solid-wood-vanity-in-bright-white-cabinet-only,301,HIGH,not on new BVO; exact same handle exists on GVS
/products/nearme-miami-29-5-inch-bathroom-vanity-in-blue-cabinet-only,https://globalvaluesupply.com/products/nearme-miami-29-5-inch-bathroom-vanity-in-blue-cabinet-only,301,HIGH,not on new BVO; exact same handle exists on GVS
/products/marietta-59-5-inch-single-bathroom-vanity-in-white,https://globalvaluesupply.com/products/marietta-59-5-inch-single-bathroom-vanity-in-white,301,HIGH,not on new BVO; exact same handle exists on GVS
/products/kensington-72-in-solid-wood-vanity-in-metal-gray-cabinet-only,https://globalvaluesupply.com/products/kensington-72-in-solid-wood-vanity-in-metal-gray-cabinet-only,301,HIGH,not on new BVO; exact same handle exists on GVS
/collections/in-stock-bathroom-vanities-at-norcross?page=4,https://globalvaluesupply.com/collections/bathroom-vanities-outlet,301,MED,"in-stock showroom stock lives on GVS; query ""page=4"" dropped"
/products/delta-tolva-8-in-widespread-2-handle-bathroom-faucet,https://www.bathroomvanitiesoutlet.com/collections/faucets,301,MED,discontinued third-party faucet/fixture
/collections/bathroom-vanities-80-inches-plus/84-inch,https://www.bathroomvanitiesoutlet.com/collections/bathroom-vanities?min_size_in=80,301,MED,"80in-plus filter; tag segment ""84-inch"" dropped"
/products/ethan-roth-london-48-inch-single-bathroom-vanity-in-bright-white,https://globalvaluesupply.com/products/ethan-roth-london-48-inch-single-bathroom-vanity-in-bright-white,301,HIGH,not on new BVO; exact same handle exists on GVS
/products/kensington-42-in-solid-wood-vanity-in-metal-gray-cabinet-only,https://globalvaluesupply.com/products/kensington-42-in-solid-wood-vanity-in-metal-gray-cabinet-only,301,HIGH,not on new BVO; exact same handle exists on GVS
/products/layla-slipper-59-inch-freestanding-tub,https://globalvaluesupply.com/products/layla-slipper-59-inch-freestanding-tub,301,HIGH,not on new BVO; exact same handle exists on GVS
/products/stock-top-3-cm-carrara-white-quartz-60-5-double-in-w-x-22-in-d,https://globalvaluesupply.com/products/stock-top-3-cm-carrara-white-quartz-60-5-double-in-w-x-22-in-d,301,HIGH,not on new BVO; exact same handle exists on GVS
/collections/double-bathroom-vanity,https://www.bathroomvanitiesoutlet.com/collections/bathroom-vanities?sink_count=2,301,MED,double-sink filter
/collections/bathroom-vanities-1,https://www.bathroomvanitiesoutlet.com/collections/bathroom-vanities,301,HIGH,duplicate of bathroom-vanities
/collections/freestanding-and-other-tubs,https://globalvaluesupply.com/collections/bathroom-vanities-outlet,301,MED,tubs not carried on new BVO
/products/copy-of-49-tier-3-add-on,https://globalvaluesupply.com/products/copy-of-49-tier-3-add-on,301,HIGH,not on new BVO; exact same handle exists on GVS
/products/050-s72-pht-snk,https://www.bathroomvanitiesoutlet.com/products/050-s72-pht-snk,301,HIGH,exact slug match
/products/oxford-47-5-inch-bathroom-vanity-in-black,https://globalvaluesupply.com/products/oxford-47-5-inch-bathroom-vanity-in-black,301,HIGH,not on new BVO; exact same handle exists on GVS
/products/050-s30-sfr-snk,https://www.bathroomvanitiesoutlet.com/products/050-s30-sfr-snk,301,HIGH,exact slug match
/products/kennesaw-71-5-inch-double-bathroom-vanity-in-white,https://globalvaluesupply.com/products/kennesaw-71-5-inch-double-bathroom-vanity-in-white,301,HIGH,not on new BVO; exact same handle exists on GVS
/products/050-s48-fp-vsl-snk,https://www.bathroomvanitiesoutlet.com/products/050-s48-fp-vsl-snk,301,HIGH,exact slug match
/collections/all-products/84-inch,https://www.bathroomvanitiesoutlet.com/collections,301,MED,"catch-all index; tag segment ""84-inch"" dropped"
/products/mr43648bk-metal-frame-rectangle-mirror-36-in,https://globalvaluesupply.com/products/mr43648bk-metal-frame-rectangle-mirror-36-in,301,HIGH,not on new BVO; exact same handle exists on GVS
/collections/all-products/48-inch?page=2,https://www.bathroomvanitiesoutlet.com/collections,301,MED,"catch-all index; tag segment ""48-inch"" dropped"
/products/61-calacutta-white-quartz-top-add-on,https://www.bathroomvanitiesoutlet.com/collections/bathroom-vanity-tops,301,MED,vanity top / add-on with no standalone page
/collections/types?q=&constraint=60-inch,https://www.bathroomvanitiesoutlet.com/collections/bathroom-vanities?size_in=60,301,MED,types/constraint=60-inch -> size_in=60
/collections/bathroom-vanity-wall-mirrors,https://www.bathroomvanitiesoutlet.com/collections/bathroom-mirrors,301,HIGH,direct equivalent
/collections/atlanta-vanities-bathworks/36-inch,https://globalvaluesupply.com/collections/bathroom-vanities-outlet,301,MED,"Atlanta V&B brand lives on GVS; tag segment ""36-inch"" dropped"
/collections/in-stock-faucets-and-fixtures-norcross-showroom,https://globalvaluesupply.com/collections/bathroom-vanities-outlet,301,MED,showroom fixtures live on GVS
/products/mre63672bk-36-x-72-in-pier-4200k-6400k-led-mirror-with-adjustable-color-temperature-in-black,https://www.bathroomvanitiesoutlet.com/collections/bathroom-mirrors,301,MED,discontinued mirror
/products/porter-brushed-nickel-two-handle-lavatory-faucet-4-in-1,https://www.bathroomvanitiesoutlet.com/collections/faucets,301,MED,discontinued third-party faucet/fixture
/collections/all-products/72-inch,https://www.bathroomvanitiesoutlet.com/collections,301,MED,"catch-all index; tag segment ""72-inch"" dropped"
/products/stock-top-2-cm-pure-white-71-5-in-w-x-22-in-d,https://globalvaluesupply.com/products/stock-top-2-cm-pure-white-71-5-in-w-x-22-in-d,301,HIGH,not on new BVO; exact same handle exists on GVS
/blogs/news/bathroom-vanity-with-top-selecting-the-right-combo-matters,https://www.bathroomvanitiesoutlet.com/inspiration/bathroom-vanity-buying-guide,301,MED,closest guide on the same topic
/products/kensington-84-in-solid-wood-vanity-in-white-cabinet-only,https://globalvaluesupply.com/products/kensington-84-in-solid-wood-vanity-in-white-cabinet-only,301,HIGH,not on new BVO; exact same handle exists on GVS
/products/bristol-41-5-in-all-wood-vanity-in-natural-white-ash-cabinet-only,https://globalvaluesupply.com/products/bristol-41-5-in-all-wood-vanity-in-natural-white-ash-cabinet-only,301,HIGH,not on new BVO; exact same handle exists on GVS
/collections/atlanta-vanities-bathworks,https://globalvaluesupply.com/collections/bathroom-vanities-outlet,301,HIGH,Atlanta V&B brand lives on GVS
/products/nearme-new-york-23-5-inch-bathroom-vanity-in-blue-cabinet-only,https://globalvaluesupply.com/products/nearme-new-york-23-5-inch-bathroom-vanity-in-blue-cabinet-only,301,HIGH,not on new BVO; exact same handle exists on GVS
/collections/wood-bathroom-vanity-cabinets/24-inch,https://www.bathroomvanitiesoutlet.com/collections/bathroom-vanity-cabinets,301,MED,"cabinets-only equivalent; tag segment ""24-inch"" dropped"
/products/marietta-29-5-inch-bathroom-vanity-in-desert-oak-cabinet-only,https://globalvaluesupply.com/products/marietta-29-5-inch-bathroom-vanity-in-desert-oak-cabinet-only,301,HIGH,not on new BVO; exact same handle exists on GVS
/collections/all-products?page=17,https://www.bathroomvanitiesoutlet.com/collections,301,MED,"catch-all index; query ""page=17"" dropped"
/products/pfister-brislin-widespread-bathroom-faucet-with-pop-up-drain-assembly-matte-black,https://www.bathroomvanitiesoutlet.com/collections/faucets,301,MED,discontinued third-party faucet/fixture
/products/layla-slipper-67-inch-freestanding-tub,https://globalvaluesupply.com/products/layla-slipper-67-inch-freestanding-tub,301,HIGH,not on new BVO; exact same handle exists on GVS
/collections/all-products/48-inch,https://www.bathroomvanitiesoutlet.com/collections,301,MED,"catch-all index; tag segment ""48-inch"" dropped"
/products/stock-top-3-cm-carrara-white-quartz-36-5-in-w-x-22-in-d,https://globalvaluesupply.com/products/stock-top-3-cm-carrara-white-quartz-36-5-in-w-x-22-in-d,301,HIGH,not on new BVO; exact same handle exists on GVS
/products/marietta-59-5-inch-double-bathroom-vanity-in-desert-oak-cabinet-only,https://globalvaluesupply.com/products/marietta-59-5-inch-double-bathroom-vanity-in-desert-oak-cabinet-only,301,HIGH,not on new BVO; exact same handle exists on GVS
/collections/all-products/72-inch?page=2,https://www.bathroomvanitiesoutlet.com/collections,301,MED,"catch-all index; tag segment ""72-inch"" dropped"
/collections/all/60-inch?page=3,https://www.bathroomvanitiesoutlet.com/collections,301,MED,"catch-all index; tag segment ""60-inch"" dropped"
/products/windsor-48-in-all-wood-vanity-in-bright-white-cabinet-only,https://globalvaluesupply.com/products/windsor-48-in-all-wood-vanity-in-bright-white-cabinet-only,301,HIGH,not on new BVO; exact same handle exists on GVS
/products/kensington-35-5-left-drawers-in-all-wood-vanity-in-desert-oak-cabinet-only,https://globalvaluesupply.com/products/kensington-35-5-left-drawers-in-all-wood-vanity-in-desert-oak-cabinet-only,301,HIGH,not on new BVO; exact same handle exists on GVS
/products/stock-top-2-cm-cararra-white-30-5-in-w-x-22-in-d,https://globalvaluesupply.com/products/stock-top-2-cm-cararra-white-30-5-in-w-x-22-in-d,301,HIGH,not on new BVO; exact same handle exists on GVS
/products/nearme-dallas-35-5-inch-bathroom-vanity-in-black-cabinet-only,https://globalvaluesupply.com/products/nearme-dallas-35-5-inch-bathroom-vanity-in-black-cabinet-only,301,HIGH,not on new BVO; exact same handle exists on GVS
/products/kensington-49-in-solid-wood-vanity-in-metal-gray-cabinet-only,https://globalvaluesupply.com/products/kensington-49-in-solid-wood-vanity-in-metal-gray-cabinet-only,301,HIGH,not on new BVO; exact same handle exists on GVS
/products/copy-of-oxford-36-inch-bathroom-vanity-in-black,https://globalvaluesupply.com/products/copy-of-oxford-36-inch-bathroom-vanity-in-black,301,HIGH,not on new BVO; exact same handle exists on GVS
/products/43-calacutta-white-quartz-top-add-on,https://globalvaluesupply.com/products/43-calacutta-white-quartz-top-add-on,301,HIGH,not on new BVO; exact same handle exists on GVS
/pages/privacy-policy,https://www.bathroomvanitiesoutlet.com/pages/privacy-policy,301,HIGH,direct page equivalent
/products/silverton-8-widespread-2-handle-bathroom-faucet-chrome,https://www.bathroomvanitiesoutlet.com/collections/faucets,301,MED,discontinued third-party faucet/fixture
/products/elegant-lighting-mr801830br-18-x-30-in-brass-mirror,https://www.bathroomvanitiesoutlet.com/collections/bathroom-mirrors,301,MED,discontinued mirror
/products/sofi-60-in-x-79-in-frameless-rolling-shower-door-in-black,https://globalvaluesupply.com/collections/bathroom-vanities-outlet,301,MED,shower door/valve — new BVO carries none; GVS does
/products/stock-top-3-cm-calacatta-white-quartz-36-5-in-w-x-22-in-d,https://globalvaluesupply.com/products/stock-top-3-cm-calacatta-white-quartz-36-5-in-w-x-22-in-d,301,HIGH,not on new BVO; exact same handle exists on GVS
/products/nearme-dallas-23-5-inch-bathroom-vanity-in-sage-cabinet-only,https://globalvaluesupply.com/products/nearme-dallas-23-5-inch-bathroom-vanity-in-sage-cabinet-only,301,HIGH,not on new BVO; exact same handle exists on GVS
/products/atlanta-47-5-inch-single-or-double-bathroom-vanity-in-blue,https://globalvaluesupply.com/products/atlanta-47-5-inch-single-or-double-bathroom-vanity-in-blue,301,HIGH,not on new BVO; exact same handle exists on GVS
/collections/nearme-bath-vanity-collection,https://globalvaluesupply.com/collections/bathroom-vanities-outlet,301,HIGH,Nearme brand lives on GVS
/products/danze-reef-d500033t-tub-and-shower-faucet-set,https://www.bathroomvanitiesoutlet.com/collections/faucets,301,MED,discontinued third-party faucet/fixture
/products/050-s60d-pbl-snk,https://www.bathroomvanitiesoutlet.com/products/050-s60d-pbl-snk,301,HIGH,exact slug match
/products/delta-chrome-modern-single-hole-bathroom-faucet,https://www.bathroomvanitiesoutlet.com/collections/faucets,301,MED,discontinued third-party faucet/fixture
/products/kensington-30-left-drawers-in-solid-wood-vanity-in-bright-white-cabinet-only,https://globalvaluesupply.com/products/kensington-30-left-drawers-in-solid-wood-vanity-in-bright-white-cabinet-only,301,HIGH,not on new BVO; exact same handle exists on GVS
/products/pull-down-kitchen-sink-faucet-pvd-satin-nickel,https://globalvaluesupply.com/products/pull-down-kitchen-sink-faucet-pvd-satin-nickel,301,HIGH,not on new BVO; exact same handle exists on GVS
/products/60-portage-peak-vanity-in-light-oak,https://www.bathroomvanitiesoutlet.com/collections/bathroom-vanities?size_in=60,301,MED,hand-reviewed: Portage Peak differs on BOTH size and colour
/products/windsor-96-inch-all-wood-vanity-in-white-cabinet-only,https://globalvaluesupply.com/products/windsor-96-inch-all-wood-vanity-in-white-cabinet-only,301,HIGH,not on new BVO; exact same handle exists on GVS
/products/30-bradford-vanity-in-walnut-with-pure-white-quartz-top,https://www.bathroomvanitiesoutlet.com/collections/bathroom-vanities?size_in=30,301,MED,hand-reviewed: only a 36in Bradford exists; size intent preserved instead
/collections/types?q=&constraint=42-inch,https://www.bathroomvanitiesoutlet.com/collections/bathroom-vanities?size_in=42,301,MED,types/constraint=42-inch -> size_in=42
/products/oxford-29-5-inch-bathroom-vanity-in-whitewashed-ash,https://globalvaluesupply.com/products/oxford-29-5-inch-bathroom-vanity-in-whitewashed-ash,301,HIGH,not on new BVO; exact same handle exists on GVS
/products/oxford-41-5-inch-bathroom-vanity-in-whitewashed-ash,https://globalvaluesupply.com/products/oxford-41-5-inch-bathroom-vanity-in-whitewashed-ash,301,HIGH,not on new BVO; exact same handle exists on GVS
/products/stock-top-3-cm-woodgrain-60-5-single-in-w-x-22-in-d,https://globalvaluesupply.com/products/stock-top-3-cm-woodgrain-60-5-single-in-w-x-22-in-d,301,HIGH,not on new BVO; exact same handle exists on GVS
/products/stock-top-3-cm-calacatta-white-quartz-60-5-double-in-w-x-22-in-d,https://globalvaluesupply.com/products/stock-top-3-cm-calacatta-white-quartz-60-5-double-in-w-x-22-in-d,301,HIGH,not on new BVO; exact same handle exists on GVS
/collections/all-products?page=5,https://www.bathroomvanitiesoutlet.com/collections,301,MED,"catch-all index; query ""page=5"" dropped"
/products/kensington-30-right-in-solid-wood-vanity-in-metal-gray-cabinet-only,https://globalvaluesupply.com/products/kensington-30-right-in-solid-wood-vanity-in-metal-gray-cabinet-only,301,HIGH,not on new BVO; exact same handle exists on GVS
/products/trish-59-inch-freestanding-tub,https://globalvaluesupply.com/products/trish-59-inch-freestanding-tub,301,HIGH,not on new BVO; exact same handle exists on GVS
/products/gerber-antioch-2h-mini-widespread-lavatory-faucet,https://www.bathroomvanitiesoutlet.com/collections/faucets,301,MED,discontinued third-party faucet/fixture
/products/marietta-71-5-inch-double-bathroom-vanity-in-white,https://globalvaluesupply.com/products/marietta-71-5-inch-double-bathroom-vanity-in-white,301,HIGH,not on new BVO; exact same handle exists on GVS
/products/ethan-roth-london-72-inch-double-bathroom-vanity-in-bright-white,https://globalvaluesupply.com/products/ethan-roth-london-72-inch-double-bathroom-vanity-in-bright-white,301,HIGH,not on new BVO; exact same handle exists on GVS
/products/marietta-35-5-inch-bathroom-vanity-in-desert-oak-cabinet-only,https://globalvaluesupply.com/products/marietta-35-5-inch-bathroom-vanity-in-desert-oak-cabinet-only,301,HIGH,not on new BVO; exact same handle exists on GVS
/collections/in-stock-bathroom-vanities-at-norcross/60-inch?page=2,https://globalvaluesupply.com/collections/bathroom-vanities-outlet,301,MED,"in-stock showroom stock lives on GVS; tag segment ""60-inch"" dropped"
/products/clifden-36-white-vanity-with-quartz-top,https://globalvaluesupply.com/products/clifden-36-vanity-in-white-with-stone-top,301,HIGH,hand-matched: same product on GVS
/products/040-s72-wz-snk,https://www.bathroomvanitiesoutlet.com/products/040-s72-wz-snk,301,HIGH,exact slug match
/products/marietta-59-5-inch-double-bathroom-vanity-in-white,https://globalvaluesupply.com/products/marietta-59-5-inch-double-bathroom-vanity-in-white,301,HIGH,not on new BVO; exact same handle exists on GVS
/collections/wood-bathroom-vanity-cabinets/bristol,https://www.bathroomvanitiesoutlet.com/collections/bathroom-vanity-cabinets,301,MED,"cabinets-only equivalent; tag segment ""bristol"" dropped"
/collections/types?q=bathroom&constraint=30-inch,https://www.bathroomvanitiesoutlet.com/collections/bathroom-vanities?size_in=30,301,MED,types/constraint=30-inch -> size_in=30
/products/73-tier-1-top-add-on,https://www.bathroomvanitiesoutlet.com/collections/bathroom-vanity-tops,301,MED,vanity top / add-on with no standalone page
/blogs/news,https://www.bathroomvanitiesoutlet.com/inspiration,301,MED,blog index -> inspiration hub (/blog is empty)
/products/bristol-84-in-all-wood-vanity-in-natural-white-ash-cabinet-only,https://globalvaluesupply.com/products/bristol-84-in-all-wood-vanity-in-natural-white-ash-cabinet-only,301,HIGH,not on new BVO; exact same handle exists on GVS
/products/kennesaw-29-5-inch-bathroom-vanity-in-white,https://globalvaluesupply.com/products/kennesaw-29-5-inch-bathroom-vanity-in-white,301,HIGH,not on new BVO; exact same handle exists on GVS
/collections/wood-bathroom-vanity-cabinets/60-inch,https://www.bathroomvanitiesoutlet.com/collections/bathroom-vanity-cabinets,301,MED,"cabinets-only equivalent; tag segment ""60-inch"" dropped"
/collections/all/24-inch?page=2,https://www.bathroomvanitiesoutlet.com/collections,301,MED,"catch-all index; tag segment ""24-inch"" dropped"
/collections/er-vanities?page=4,https://globalvaluesupply.com/collections/bathroom-vanities-outlet,301,MED,"Ethan Roth -> GVS per 2026-09-24; query ""page=4"" dropped"
/collections/in-stock-bathroom-vanities-at-norcross/24-inch,https://globalvaluesupply.com/collections/bathroom-vanities-outlet,301,MED,"in-stock showroom stock lives on GVS; tag segment ""24-inch"" dropped"
/products/80-avery-double-vanity-in-white,https://www.bathroomvanitiesoutlet.com/collections/bathroom-vanities?size_in=80,301,MED,model discontinued on both catalogues; 80in size intent preserved
/products/ethan-roth-london-24-inch-single-bathroom-vanity-in-bright-white,https://globalvaluesupply.com/products/ethan-roth-london-24-inch-single-bathroom-vanity-in-bright-white,301,HIGH,not on new BVO; exact same handle exists on GVS
/products/kensington-96-inch-solid-wood-vanity-in-gray-cabinet-only,https://globalvaluesupply.com/products/kensington-96-inch-solid-wood-vanity-in-gray-cabinet-only,301,HIGH,not on new BVO; exact same handle exists on GVS
/products/copy-of-nearme-miami-35-5-inch-bathroom-vanity-white,https://globalvaluesupply.com/products/copy-of-nearme-miami-35-5-inch-bathroom-vanity-white,301,HIGH,not on new BVO; exact same handle exists on GVS
/collections/in-stock-faucets-and-fixtures-norcross-showroom/60-inch,https://globalvaluesupply.com/collections/bathroom-vanities-outlet,301,MED,"showroom fixtures live on GVS; tag segment ""60-inch"" dropped"
/collections/bathroom-vanities?page=8,https://www.bathroomvanitiesoutlet.com/collections/bathroom-vanities,301,MED,"direct equivalent; query ""page=8"" dropped"
/collections/in-stock-bathroom-vanities-at-norcross/84-inch,https://globalvaluesupply.com/collections/bathroom-vanities-outlet,301,MED,"in-stock showroom stock lives on GVS; tag segment ""84-inch"" dropped"
/products/oxford-30-inch-bathroom-vanity-in-black,https://globalvaluesupply.com/products/oxford-30-inch-bathroom-vanity-in-black,301,HIGH,not on new BVO; exact same handle exists on GVS
/collections/bathroom-vanities/42-inch,https://www.bathroomvanitiesoutlet.com/collections/bathroom-vanities,301,MED,"direct equivalent; tag segment ""42-inch"" dropped"
/products/stock-top-2-cm-carrara-white-60-5-single-in-w-x-22-in-d,https://globalvaluesupply.com/products/stock-top-2-cm-carrara-white-60-5-single-in-w-x-22-in-d,301,HIGH,not on new BVO; exact same handle exists on GVS
/collections/in-stock-faucets-and-fixtures-norcross-showroom?page=3,https://globalvaluesupply.com/collections/bathroom-vanities-outlet,301,MED,"showroom fixtures live on GVS; query ""page=3"" dropped"
/products/danze-logan-square-single-function-tub-and-shower-faucet-lever-handle-trim,https://www.bathroomvanitiesoutlet.com/collections/faucets,301,MED,discontinued third-party faucet/fixture
/products/the-gabi-36-inch-rustic-ash-vanity,https://www.bathroomvanitiesoutlet.com/collections/bathroom-vanities?size_in=36,301,MED,model discontinued on both catalogues; 36in size intent preserved
/products/nearme-dallas-47-5-inch-bathroom-vanity-in-sage-cabinet-only,https://globalvaluesupply.com/products/nearme-dallas-47-5-inch-bathroom-vanity-in-sage-cabinet-only,301,HIGH,not on new BVO; exact same handle exists on GVS
/products/28-in-w-x-32-in-h-framed-rectangular-bathroom-vanity-mirror-in-tobacco,https://www.bathroomvanitiesoutlet.com/collections/bathroom-mirrors,301,MED,discontinued mirror
/products/atlanta-59-5-inch-double-bathroom-vanity-in-blue,https://globalvaluesupply.com/products/atlanta-59-5-inch-double-bathroom-vanity-in-blue,301,HIGH,not on new BVO; exact same handle exists on GVS
/products/nearme-dallas-47-5-inch-bathroom-vanity-in-white-cabinet-only,https://globalvaluesupply.com/products/nearme-dallas-47-5-inch-bathroom-vanity-in-white-cabinet-only,301,HIGH,not on new BVO; exact same handle exists on GVS
/products/bristol-29-5-in-all-wood-vanity-in-natural-white-ash-cabinet-only-copy,https://www.bathroomvanitiesoutlet.com/products/bristol-29-5-bathroom-vanity-in-natural-white-ash,301,HIGH,hand-matched: same product on BVO
/products/free-standing-roman-tub-filler-matte-black,https://globalvaluesupply.com/collections/bathroom-vanities-outlet,301,MED,freestanding tub — new BVO carries none; GVS does
/products/pfister-pasadena-single-handle-3-spray-tub-and-shower-faucet-in-polished-chrome,https://globalvaluesupply.com/products/pfister-pasadena-single-handle-3-spray-tub-and-shower-faucet-in-polished-chrome,301,HIGH,not on new BVO; exact same handle exists on GVS
/collections/double-bathroom-vanity/60-inch,https://www.bathroomvanitiesoutlet.com/collections/bathroom-vanities?sink_count=2,301,MED,"double-sink filter; tag segment ""60-inch"" dropped"
/products/30-tier-4-top-add-on,https://globalvaluesupply.com/products/30-tier-4-top-add-on,301,HIGH,not on new BVO; exact same handle exists on GVS
/collections/james-martin-bathroom-vanities,https://www.bathroomvanitiesoutlet.com/collections/bathroom-vanities?brand=James%20Martin,301,HIGH,brand filter
/products/sofi-60-in-x-79-in-frameless-rolling-shower-door-in-brushed-nickel,https://globalvaluesupply.com/collections/bathroom-vanities-outlet,301,MED,shower door/valve — new BVO carries none; GVS does
/products/copy-of-ethan-roth-london-60-inch-single-bathroom-vanity-in-bright-white,https://globalvaluesupply.com/products/copy-of-ethan-roth-london-60-inch-single-bathroom-vanity-in-bright-white,301,HIGH,not on new BVO; exact same handle exists on GVS
/products/marietta-47-5-inch-bathroom-vanity-in-blue,https://globalvaluesupply.com/products/marietta-47-5-inch-bathroom-vanity-in-blue,301,HIGH,not on new BVO; exact same handle exists on GVS
/collections/all-products?page=6,https://www.bathroomvanitiesoutlet.com/collections,301,MED,"catch-all index; query ""page=6"" dropped"
/products/marietta-59-5-inch-single-bathroom-vanity-in-blue,https://globalvaluesupply.com/products/marietta-59-5-inch-single-bathroom-vanity-in-blue,301,HIGH,not on new BVO; exact same handle exists on GVS
/products/danze-d304087-south-shore-double-handle-bathroom-faucet,https://globalvaluesupply.com/products/danze-d304087-south-shore-double-handle-bathroom-faucet,301,HIGH,not on new BVO; exact same handle exists on GVS
/products/copy-of-marietta-47-5-inch-single-or-double-bathroom-vanity-in-blue,https://globalvaluesupply.com/products/copy-of-marietta-47-5-inch-single-or-double-bathroom-vanity-in-blue,301,HIGH,not on new BVO; exact same handle exists on GVS
/products/marietta-71-5-inch-double-bathroom-vanity-in-desert-oak-cabinet-only,https://globalvaluesupply.com/products/marietta-71-5-inch-double-bathroom-vanity-in-desert-oak-cabinet-only,301,HIGH,not on new BVO; exact same handle exists on GVS
/products/stock-top-2-cm-carrara-white-60-5-double-in-w-x-22-in-d,https://globalvaluesupply.com/products/stock-top-2-cm-carrara-white-60-5-double-in-w-x-22-in-d,301,HIGH,not on new BVO; exact same handle exists on GVS
/collections/er-vanities/36-inch,https://globalvaluesupply.com/collections/bathroom-vanities-outlet,301,MED,"Ethan Roth -> GVS per 2026-09-24; tag segment ""36-inch"" dropped"
/collections/in-stock-bathroom-vanities-at-norcross/42-inch,https://globalvaluesupply.com/collections/bathroom-vanities-outlet,301,MED,"in-stock showroom stock lives on GVS; tag segment ""42-inch"" dropped"
/products/36-bradford-vanity-in-walnut-with-quartz-countertop-all-wood,https://globalvaluesupply.com/products/36-bradford-vanity-in-walnut-with-quartz-countertop-all-wood,301,HIGH,not on new BVO; exact same handle exists on GVS
/products/kensington-29-5-left-drawers-in-all-wood-vanity-in-desert-oak-cabinet-only,https://globalvaluesupply.com/products/kensington-29-5-left-drawers-in-all-wood-vanity-in-desert-oak-cabinet-only,301,HIGH,not on new BVO; exact same handle exists on GVS
/products/danze-d304115-widespread-bathroom-faucet-eastham-collection-bn,https://www.bathroomvanitiesoutlet.com/collections/faucets,301,MED,discontinued third-party faucet/fixture
/collections/in-stock-bathroom-vanities-at-norcross/72-inch,https://globalvaluesupply.com/collections/bathroom-vanities-outlet,301,MED,"in-stock showroom stock lives on GVS; tag segment ""72-inch"" dropped"
/products/marietta-47-5-inch-single-or-double-bathroom-vanity-in-desert-oak-cabinet-only,https://globalvaluesupply.com/products/marietta-47-5-inch-single-or-double-bathroom-vanity-in-desert-oak-cabinet-only,301,HIGH,not on new BVO; exact same handle exists on GVS
/products/atlanta-71-5-inch-double-bathroom-vanity-in-white,https://globalvaluesupply.com/products/atlanta-71-5-inch-double-bathroom-vanity-in-white,301,HIGH,not on new BVO; exact same handle exists on GVS
/collections/atlanta-vanities-bathworks/42-inch,https://globalvaluesupply.com/collections/bathroom-vanities-outlet,301,MED,"Atlanta V&B brand lives on GVS; tag segment ""42-inch"" dropped"
/products/delta-classic-single-handle-bathroom-faucet-in-chrome-583lf-wf,https://www.bathroomvanitiesoutlet.com/collections/faucets,301,MED,discontinued third-party faucet/fixture
/products/mere-59-inch-freestanding-tub,https://globalvaluesupply.com/products/mere-59-inch-freestanding-tub,301,HIGH,not on new BVO; exact same handle exists on GVS
/collections/types?constraint=72-inch&q=,https://www.bathroomvanitiesoutlet.com/collections/bathroom-vanities?size_in=72,301,MED,types/constraint=72-inch -> size_in=72
/products/mr43040bk-metal-frame-rectangle-mirror-30-in,https://globalvaluesupply.com/products/mr43040bk-metal-frame-rectangle-mirror-30-in,301,HIGH,not on new BVO; exact same handle exists on GVS
/collections/all-products/36-inch,https://www.bathroomvanitiesoutlet.com/collections,301,MED,"catch-all index; tag segment ""36-inch"" dropped"
/products/stock-top-2-cm-pure-white-36-5-in-w-x-22-in-d,https://globalvaluesupply.com/products/stock-top-2-cm-pure-white-36-5-in-w-x-22-in-d,301,HIGH,not on new BVO; exact same handle exists on GVS
/products/kennesaw-59-5-inch-double-bathroom-vanity-in-charcoal-grey,https://globalvaluesupply.com/products/kennesaw-59-5-inch-double-bathroom-vanity-in-charcoal-grey,301,HIGH,not on new BVO; exact same handle exists on GVS
/products/windsor-72-in-all-wood-vanity-in-white-cabinet-only,https://globalvaluesupply.com/products/windsor-72-in-all-wood-vanity-in-white-cabinet-only,301,HIGH,not on new BVO; exact same handle exists on GVS
/products/copy-of-kensington-23-bridge-drawer-in-metal-gray-cabinet-only,https://globalvaluesupply.com/products/copy-of-kensington-23-bridge-drawer-in-metal-gray-cabinet-only,301,HIGH,not on new BVO; exact same handle exists on GVS
/collections/freestanding-and-other-tubs/shower-glass,https://globalvaluesupply.com/collections/bathroom-vanities-outlet,301,MED,"tubs not carried on new BVO; tag segment ""shower-glass"" dropped"
/products/kensington-84-in-all-wood-vanity-in-navy-blue-cabinet-only,https://globalvaluesupply.com/products/kensington-84-in-all-wood-vanity-in-navy-blue-cabinet-only,301,HIGH,not on new BVO; exact same handle exists on GVS
/products/kennesaw-35-5-inch-bathroom-vanity-in-white,https://globalvaluesupply.com/products/kennesaw-35-5-inch-bathroom-vanity-in-white,301,HIGH,not on new BVO; exact same handle exists on GVS
/products/nearme-miami-29-5-inch-bathroom-vanity-grey,https://globalvaluesupply.com/products/nearme-miami-29-5-inch-bathroom-vanity-grey,301,HIGH,not on new BVO; exact same handle exists on GVS
/products/pfister-venturi-8-in-widespread-2-handle-bathroom-faucet-in-brushed-gold,https://www.bathroomvanitiesoutlet.com/collections/faucets,301,MED,discontinued third-party faucet/fixture
/pages/kube-bath-policies,https://www.bathroomvanitiesoutlet.com/pages/returns-policy,301,HIGH,direct page equivalent
/products/sheffield-80-double-vanity-in-espresso-base-only,https://www.bathroomvanitiesoutlet.com/collections/bathroom-vanities?size_in=80,301,MED,model discontinued on both catalogues; 80in size intent preserved
/products/050-s60d-fp-tjr-snk?variant=45377272414390&country=US&currency=USD,https://www.bathroomvanitiesoutlet.com/products/050-s60d-fp-tjr-snk,301,HIGH,exact slug match
/products/nearme-miami-35-5-inch-bathroom-vanity-grey,https://globalvaluesupply.com/products/nearme-miami-35-5-inch-bathroom-vanity-grey,301,HIGH,not on new BVO; exact same handle exists on GVS
/collections/all,https://www.bathroomvanitiesoutlet.com/collections,301,MED,catch-all index
/products/nearme-new-york-29-5-inch-bathroom-vanity-in-white-cabinet-only,https://globalvaluesupply.com/products/nearme-new-york-29-5-inch-bathroom-vanity-in-white-cabinet-only,301,HIGH,not on new BVO; exact same handle exists on GVS
/pages/bathroom-vanities-near-norcross-location-info,https://www.bathroomvanitiesoutlet.com/collections/bathroom-vanities,301,HIGH,direct page equivalent
/products/elegant-decor-boise-18-porcelain-top-bathroom-vanity-in-walnut-brown,https://www.bathroomvanitiesoutlet.com/collections/bathroom-mirrors,301,MED,discontinued mirror
/collections/all/bristol,https://www.bathroomvanitiesoutlet.com/collections,301,MED,"catch-all index; tag segment ""bristol"" dropped"
/products/stock-top-3-cm-calacatta-white-quartz-72-5-in-w-x-22-in-d,https://globalvaluesupply.com/products/stock-top-3-cm-calacatta-white-quartz-72-5-in-w-x-22-in-d,301,HIGH,not on new BVO; exact same handle exists on GVS
/pages/bathroom-vanities-atlanta-ga-norcross-roswell-marietta,https://www.bathroomvanitiesoutlet.com/collections/bathroom-vanities,301,HIGH,direct page equivalent
/products/london-47-5-inch-single-bathroom-vanity-in-desert-oak,https://globalvaluesupply.com/products/london-47-5-inch-single-bathroom-vanity-in-desert-oak,301,HIGH,not on new BVO; exact same handle exists on GVS
/products/porter-brushed-nickel-two-handle-lavatory-faucet-4-in,https://www.bathroomvanitiesoutlet.com/collections/faucets,301,MED,discontinued third-party faucet/fixture
/products/stock-top-3-cm-calcutta-white-quartz-24-5-in-w-x-22-in-d,https://globalvaluesupply.com/products/stock-top-3-cm-calcutta-white-quartz-24-5-in-w-x-22-in-d,301,HIGH,not on new BVO; exact same handle exists on GVS
/products/atlanta-47-5-inch-single-or-double-bathroom-vanity-in-white,https://globalvaluesupply.com/products/atlanta-47-5-inch-single-or-double-bathroom-vanity-in-white,301,HIGH,not on new BVO; exact same handle exists on GVS
/collections/all-products?page=16,https://www.bathroomvanitiesoutlet.com/collections,301,MED,"catch-all index; query ""page=16"" dropped"
/collections/types?constraint=36-inch&q=,https://www.bathroomvanitiesoutlet.com/collections/bathroom-vanities?size_in=36,301,MED,types/constraint=36-inch -> size_in=36
/collections/wood-bathroom-vanity-cabinets/42-inch,https://www.bathroomvanitiesoutlet.com/collections/bathroom-vanity-cabinets,301,MED,"cabinets-only equivalent; tag segment ""42-inch"" dropped"
/products/grand-84-in-all-wood-double-vanity-in-white,https://www.bathroomvanitiesoutlet.com/collections/bathroom-vanities?size_in=84,301,MED,model discontinued on both catalogues; 84in size intent preserved
/products/nearme-miami-29-5-inch-bathroom-vanity-white,https://globalvaluesupply.com/products/nearme-miami-29-5-inch-bathroom-vanity-white,301,HIGH,not on new BVO; exact same handle exists on GVS
/products/bristol-84-in-3-drawer-bridge-all-wood-vanity-in-natural-white-ash-cabinet-only,https://globalvaluesupply.com/products/bristol-84-in-3-drawer-bridge-all-wood-vanity-in-natural-white-ash-cabinet-only,301,HIGH,not on new BVO; exact same handle exists on GVS
/products/bristol-47-5-in-all-wood-vanity-in-natural-white-ash-cabinet-only,https://globalvaluesupply.com/products/bristol-47-5-in-all-wood-vanity-in-natural-white-ash-cabinet-only,301,HIGH,not on new BVO; exact same handle exists on GVS
/products/windsor-all-wood-linen-tower-in-bright-white,https://globalvaluesupply.com/products/windsor-all-wood-linen-tower-in-bright-white,301,HIGH,not on new BVO; exact same handle exists on GVS
/collections/bathroom-vanities/72-inch,https://www.bathroomvanitiesoutlet.com/collections/bathroom-vanities,301,MED,"direct equivalent; tag segment ""72-inch"" dropped"
/collections/freestanding-and-other-tubs?page=2,https://globalvaluesupply.com/collections/bathroom-vanities-outlet,301,MED,"tubs not carried on new BVO; query ""page=2"" dropped"
/products/ethan-roth-london-60-inch-double-bathroom-vanity-in-bright-white,https://globalvaluesupply.com/products/ethan-roth-london-60-inch-double-bathroom-vanity-in-bright-white,301,HIGH,not on new BVO; exact same handle exists on GVS
/products/49-pure-white-quartz-top-add-on,https://globalvaluesupply.com/products/49-pure-white-quartz-top-add-on,301,HIGH,not on new BVO; exact same handle exists on GVS
/products/nearme-miami-23-5-inch-bathroom-vanity-white,https://globalvaluesupply.com/products/nearme-miami-23-5-inch-bathroom-vanity-white,301,HIGH,not on new BVO; exact same handle exists on GVS
/products/marietta-41-5-inch-single-bathroom-vanity-in-white-cabinet-only,https://globalvaluesupply.com/products/marietta-41-5-inch-single-bathroom-vanity-in-white-cabinet-only,301,HIGH,not on new BVO; exact same handle exists on GVS
/products/80-inch-all-wood-double-bathroom-vanity-in-white,https://www.bathroomvanitiesoutlet.com/collections/bathroom-vanities?size_in=80,301,MED,model discontinued on both catalogues; 80in size intent preserved
/products/30-tier-3-top-add-on,https://globalvaluesupply.com/products/30-tier-3-top-add-on,301,HIGH,not on new BVO; exact same handle exists on GVS
/products/frey-48-vanity-base-in-grey-wash-all-wood,https://globalvaluesupply.com/products/frey-48-vanity-base-in-grey-wash-all-wood,301,HIGH,not on new BVO; exact same handle exists on GVS
/products/stock-top-2-cm-carrara-white-36-5-in-w-x-22-in-d,https://globalvaluesupply.com/products/stock-top-2-cm-carrara-white-36-5-in-w-x-22-in-d,301,HIGH,not on new BVO; exact same handle exists on GVS
/collections/atlanta-vanities-bathworks/72-inch,https://globalvaluesupply.com/collections/bathroom-vanities-outlet,301,MED,"Atlanta V&B brand lives on GVS; tag segment ""72-inch"" dropped"
/collections/all-products/bristol,https://www.bathroomvanitiesoutlet.com/collections,301,MED,"catch-all index; tag segment ""bristol"" dropped"
/products/stock-top-3-cm-woodgrain-60-5-double-in-w-x-22-in-d,https://globalvaluesupply.com/products/stock-top-3-cm-woodgrain-60-5-double-in-w-x-22-in-d,301,HIGH,not on new BVO; exact same handle exists on GVS
/products/metal-frame-rectangle-mirror-24-inch-black-finish,https://www.bathroomvanitiesoutlet.com/collections/bathroom-mirrors,301,MED,discontinued mirror
/pages/james-martin-policies,https://www.bathroomvanitiesoutlet.com/pages/returns-policy,301,HIGH,direct page equivalent
/collections/types?q=,https://www.bathroomvanitiesoutlet.com/collections/bathroom-vanities,301,MED,types/* search URL with no size constraint
/collections/in-stock-faucets-and-fixtures-norcross-showroom?page=2,https://globalvaluesupply.com/collections/bathroom-vanities-outlet,301,MED,"showroom fixtures live on GVS; query ""page=2"" dropped"
/collections/double-bathroom-vanity/48-inch,https://www.bathroomvanitiesoutlet.com/collections/bathroom-vanities?sink_count=2,301,MED,"double-sink filter; tag segment ""48-inch"" dropped"
/collections/bathroom-vanities,https://www.bathroomvanitiesoutlet.com/collections/bathroom-vanities,301,HIGH,direct equivalent
/collections/all/36-inch,https://www.bathroomvanitiesoutlet.com/collections,301,MED,"catch-all index; tag segment ""36-inch"" dropped"
/products/050-s60d-fp-enc-snk?variant=45377272185014&country=US&currency=USD,https://www.bathroomvanitiesoutlet.com/products/050-s60d-fp-enc-snk,301,HIGH,exact slug match
/products/marietta-30-inch-bathroom-vanity-in-navy-blue,https://globalvaluesupply.com/products/marietta-30-inch-bathroom-vanity-in-navy-blue,301,HIGH,not on new BVO; exact same handle exists on GVS
/collections/bathroom-vanities/60-inch,https://www.bathroomvanitiesoutlet.com/collections/bathroom-vanities,301,MED,"direct equivalent; tag segment ""60-inch"" dropped"
/products/windsor-84-in-all-wood-vanity-in-white-cabinet-only,https://globalvaluesupply.com/products/windsor-84-in-all-wood-vanity-in-white-cabinet-only,301,HIGH,not on new BVO; exact same handle exists on GVS
/products/ethan-roth-london-30-inch-single-bathroom-vanity-in-bright-white,https://globalvaluesupply.com/products/ethan-roth-london-30-inch-single-bathroom-vanity-in-bright-white,301,HIGH,not on new BVO; exact same handle exists on GVS
/products/csp-s2418-wg?variant=45377268744374&country=US&currency=USD,https://www.bathroomvanitiesoutlet.com/products/csp-s2418-wg,301,HIGH,exact slug match
/products/marietta-35-5-inch-bathroom-vanity-in-white,https://globalvaluesupply.com/products/marietta-35-5-inch-bathroom-vanity-in-white,301,HIGH,not on new BVO; exact same handle exists on GVS
/collections/double-bathroom-vanity/72-inch,https://www.bathroomvanitiesoutlet.com/collections/bathroom-vanities?sink_count=2,301,MED,"double-sink filter; tag segment ""72-inch"" dropped"
/collections/in-stock-bathroom-vanities-at-norcross?page=5,https://globalvaluesupply.com/collections/bathroom-vanities-outlet,301,MED,"in-stock showroom stock lives on GVS; query ""page=5"" dropped"
/products/elegant-lighting-mr4839-eternity-39-diameter-circular-beveled-metal-framed-bath,https://globalvaluesupply.com/products/elegant-lighting-mr4839-eternity-39-diameter-circular-beveled-metal-framed-bath,301,HIGH,not on new BVO; exact same handle exists on GVS
/products/danze-pressure-balanced-tub-and-shower-trim-package,https://www.bathroomvanitiesoutlet.com/collections/faucets,301,MED,discontinued third-party faucet/fixture
/products/73-pure-white-quartz-top-add-on-1,https://www.bathroomvanitiesoutlet.com/collections/bathroom-vanity-tops,301,MED,vanity top / add-on with no standalone page
/products/bristol-29-5-in-all-wood-vanity-in-natural-white-ash-cabinet-only,https://globalvaluesupply.com/products/bristol-29-5-in-all-wood-vanity-in-natural-white-ash-cabinet-only,301,HIGH,not on new BVO; exact same handle exists on GVS
/products/37-tier-3-top-add-on,https://globalvaluesupply.com/products/37-tier-3-top-add-on,301,HIGH,not on new BVO; exact same handle exists on GVS
/products/stock-top-3-cm-calacatta-white-quartz-30-5-in-w-x-22-in-d,https://globalvaluesupply.com/products/stock-top-3-cm-calacatta-white-quartz-30-5-in-w-x-22-in-d,301,HIGH,not on new BVO; exact same handle exists on GVS
/products/stock-top-3-cm-carrara-white-quartz-48-5-in-w-x-22-in-d,https://globalvaluesupply.com/products/stock-top-3-cm-carrara-white-quartz-48-5-in-w-x-22-in-d,301,HIGH,not on new BVO; exact same handle exists on GVS
/collections/types?q=bathroom&constraint=48-inch,https://www.bathroomvanitiesoutlet.com/collections/bathroom-vanities?size_in=48,301,MED,types/constraint=48-inch -> size_in=48
/products/stock-top-2-cm-carrara-white-72-5-in-w-x-22-in-d,https://globalvaluesupply.com/products/stock-top-2-cm-carrara-white-72-5-in-w-x-22-in-d,301,HIGH,not on new BVO; exact same handle exists on GVS
/products/peerless-centerset-lavatory-faucet-available-in-various-colors,https://globalvaluesupply.com/products/peerless-centerset-lavatory-faucet-available-in-various-colors,301,HIGH,not on new BVO; exact same handle exists on GVS
/products/peerless-sidekick-shower-system-combo-chrome,https://globalvaluesupply.com/products/peerless-sidekick-shower-system-combo-chrome,301,HIGH,not on new BVO; exact same handle exists on GVS
/products/marietta-29-5-inch-bathroom-vanity-in-white,https://globalvaluesupply.com/products/marietta-29-5-inch-bathroom-vanity-in-white,301,HIGH,not on new BVO; exact same handle exists on GVS
/products/stock-top-2-cm-pure-white-30-5-in-w-x-22-in-d,https://globalvaluesupply.com/products/stock-top-2-cm-pure-white-30-5-in-w-x-22-in-d,301,HIGH,not on new BVO; exact same handle exists on GVS
/products/delta-lorain-widespread-faucet,https://www.bathroomvanitiesoutlet.com/collections/faucets,301,MED,discontinued third-party faucet/fixture
/products/42-in-metal-frame-round-mirror-in-black,https://www.bathroomvanitiesoutlet.com/collections/bathroom-mirrors,301,MED,discontinued mirror
/products/clifden-30-white-vanity-with-quartz-top,https://www.bathroomvanitiesoutlet.com/collections/bathroom-vanities?size_in=30,301,MED,hand-reviewed: only a 36in Clifden exists; size intent preserved instead
/products/delta-mandolin-single-hole-single-handle-bathroom-faucet-in-chrome-grey,https://www.bathroomvanitiesoutlet.com/collections/faucets,301,MED,discontinued third-party faucet/fixture
/products/copy-of-61-tier-3-top-add-on,https://www.bathroomvanitiesoutlet.com/collections/bathroom-vanity-tops,301,MED,vanity top / add-on with no standalone page
/products/050-s60s-ejp-snk,https://www.bathroomvanitiesoutlet.com/products/050-s60s-ejp-snk,301,HIGH,exact slug match
/products/kennesaw-29-5-inch-bathroom-vanity-in-charchoal,https://globalvaluesupply.com/products/kennesaw-29-5-inch-bathroom-vanity-in-charchoal,301,HIGH,not on new BVO; exact same handle exists on GVS
/products/050-tmc24-pht,https://www.bathroomvanitiesoutlet.com/products/050-tmc24-pht,301,HIGH,exact slug match
/products/050-s72-fp-pbl-snk,https://www.bathroomvanitiesoutlet.com/products/050-s72-fp-pbl-snk,301,HIGH,exact slug match
/products/040-s72-fp-pbl-snk,https://www.bathroomvanitiesoutlet.com/products/040-s72-fp-pbl-snk,301,HIGH,exact slug match
/products/050-s60s-enc-snk,https://www.bathroomvanitiesoutlet.com/products/050-s60s-enc-snk,301,HIGH,exact slug match
/products/051-s48-bs-wz,https://www.bathroomvanitiesoutlet.com/products/051-s48-bs-wz,301,HIGH,exact slug match
/products/060-s72rcws-pht-snk,https://www.bathroomvanitiesoutlet.com/products/060-s72rcws-pht-snk,301,HIGH,exact slug match
/products/050-s60d-fp-sfr-snk,https://www.bathroomvanitiesoutlet.com/products/050-s60d-fp-sfr-snk,301,HIGH,exact slug match
/products/050-s36-csp-snk,https://www.bathroomvanitiesoutlet.com/products/050-s36-csp-snk,301,HIGH,exact slug match
/products/050-s60d-tjr-snk,https://www.bathroomvanitiesoutlet.com/products/050-s60d-tjr-snk,301,HIGH,exact slug match
/products/050-s48-fp-enc-snk,https://www.bathroomvanitiesoutlet.com/products/050-s48-fp-enc-snk,301,HIGH,exact slug match
/products/040-s72-pht-snk,https://www.bathroomvanitiesoutlet.com/products/040-s72-pht-snk,301,HIGH,exact slug match
/products/050-s30-pht-snk,https://www.bathroomvanitiesoutlet.com/products/050-s30-pht-snk,301,HIGH,exact slug match
/products/050-s60s-fp-sfr-snk,https://www.bathroomvanitiesoutlet.com/products/050-s60s-fp-sfr-snk,301,HIGH,exact slug match
/products/090-s36-car-snk,https://www.bathroomvanitiesoutlet.com/products/090-s36-car-snk,301,HIGH,exact slug match
/products/050-s48-ldl-snk,https://www.bathroomvanitiesoutlet.com/products/050-s48-ldl-snk,301,HIGH,exact slug match
/products/050-825-s22-wz,https://www.bathroomvanitiesoutlet.com/products/050-825-s22-wz,301,HIGH,exact slug match
/products/csp-s2418-wg,https://www.bathroomvanitiesoutlet.com/products/csp-s2418-wg,301,HIGH,exact slug match
/products/050-s72-fp-tjr-snk,https://www.bathroomvanitiesoutlet.com/products/050-s72-fp-tjr-snk,301,HIGH,exact slug match
/products/060-s48rcws-tjr-snk,https://www.bathroomvanitiesoutlet.com/products/060-s48rcws-tjr-snk,301,HIGH,exact slug match
/products/050-s60d-fp-tjr-snk,https://www.bathroomvanitiesoutlet.com/products/050-s60d-fp-tjr-snk,301,HIGH,exact slug match
/products/050-s60d-wz-snk,https://www.bathroomvanitiesoutlet.com/products/050-s60d-wz-snk,301,HIGH,exact slug match
/products/040-s72-fp-ejp-snk,https://www.bathroomvanitiesoutlet.com/products/040-s72-fp-ejp-snk,301,HIGH,exact slug match
/products/040-s72-ejp-snk,https://www.bathroomvanitiesoutlet.com/products/040-s72-ejp-snk,301,HIGH,exact slug match
/products/050-s36-ejp-snk,https://www.bathroomvanitiesoutlet.com/products/050-s36-ejp-snk,301,HIGH,exact slug match
/products/060-s36rc-wz-snk,https://www.bathroomvanitiesoutlet.com/products/060-s36rc-wz-snk,301,HIGH,exact slug match
/products/040-s72-tjr-snk,https://www.bathroomvanitiesoutlet.com/products/040-s72-tjr-snk,301,HIGH,exact slug match
/products/cs-358-bm,https://www.bathroomvanitiesoutlet.com/products/cs-358-bm,301,HIGH,exact slug match
/products/050-s72-ejp-snk,https://www.bathroomvanitiesoutlet.com/products/050-s72-ejp-snk,301,HIGH,exact slug match
/products/050-s84-wz-snk,https://www.bathroomvanitiesoutlet.com/products/050-s84-wz-snk,301,HIGH,exact slug match
/products/marietta-41-5-inch-single-bathroom-vanity-in-desert-oak-cabinet-only,https://globalvaluesupply.com/products/marietta-41-5-inch-single-bathroom-vanity-in-desert-oak-cabinet-only,301,HIGH,not on new BVO; exact same handle exists on GVS
/products/kensington-36-right-in-solid-wood-vanity-in-metal-gray-cabinet-only,https://globalvaluesupply.com/products/kensington-36-right-in-solid-wood-vanity-in-metal-gray-cabinet-only,301,HIGH,not on new BVO; exact same handle exists on GVS
/products/peerless-satin-nickel-3-set-hybrid-shower,https://globalvaluesupply.com/products/peerless-satin-nickel-3-set-hybrid-shower,301,HIGH,not on new BVO; exact same handle exists on GVS
/products/marietta-53-5-inch-single-bathroom-vanity-in-white,https://globalvaluesupply.com/products/marietta-53-5-inch-single-bathroom-vanity-in-white,301,HIGH,not on new BVO; exact same handle exists on GVS
/products/stock-top-3-cm-calacatta-white-quartz-60-5-single-in-w-x-22-in-d,https://globalvaluesupply.com/products/stock-top-3-cm-calacatta-white-quartz-60-5-single-in-w-x-22-in-d,301,HIGH,not on new BVO; exact same handle exists on GVS
/products/york-60-in-vanities-in-grey,https://globalvaluesupply.com/products/york-60-in-vanities-in-navy-blue,301,MED,"hand-matched: same model+size, colour differs"
/products/windsor-36-left-drawers-in-all-wood-vanity-in-bright-white-cabinet-only,https://globalvaluesupply.com/products/windsor-36-left-drawers-in-all-wood-vanity-in-bright-white-cabinet-only,301,HIGH,not on new BVO; exact same handle exists on GVS
/products/danze-logan-square-fingle-function-tub-and-shower-faucet-lever-handle-trim,https://www.bathroomvanitiesoutlet.com/collections/faucets,301,MED,discontinued third-party faucet/fixture
/products/danze-dh304122-burbank-widespread-lavatory-faucet-chrome,https://www.bathroomvanitiesoutlet.com/collections/faucets,301,MED,discontinued third-party faucet/fixture
/products/kensington-41-5-in-all-wood-vanity-in-navy-blue-cabinet-only,https://globalvaluesupply.com/products/kensington-41-5-in-all-wood-vanity-in-navy-blue-cabinet-only,301,HIGH,not on new BVO; exact same handle exists on GVS
/collections/bathroom-vanities-1/24-inch,https://www.bathroomvanitiesoutlet.com/collections/bathroom-vanities,301,MED,"duplicate of bathroom-vanities; tag segment ""24-inch"" dropped"
/products/atlanta-71-5-inch-double-bathroom-vanity-in-blue,https://globalvaluesupply.com/products/atlanta-71-5-inch-double-bathroom-vanity-in-blue,301,HIGH,not on new BVO; exact same handle exists on GVS
/products/copy-of-kensington-84-in-solid-wood-vanity-in-white-cabinet-only,https://globalvaluesupply.com/products/copy-of-kensington-84-in-solid-wood-vanity-in-white-cabinet-only,301,HIGH,not on new BVO; exact same handle exists on GVS
/collections/freestanding-and-other-tubs/shower,https://globalvaluesupply.com/collections/bathroom-vanities-outlet,301,MED,"tubs not carried on new BVO; tag segment ""shower"" dropped"
/products/kensington-72-in-solid-wood-vanity-in-white-cabinet-only,https://globalvaluesupply.com/products/kensington-72-in-solid-wood-vanity-in-white-cabinet-only,301,HIGH,not on new BVO; exact same handle exists on GVS
/products/kensington-41-5-in-all-wood-vanity-in-desert-oak-cabinet-only,https://globalvaluesupply.com/products/kensington-41-5-in-all-wood-vanity-in-desert-oak-cabinet-only,301,HIGH,not on new BVO; exact same handle exists on GVS
/products/stock-top-2-cm-pure-white-24-5-in-w-x-22-in-d,https://globalvaluesupply.com/products/stock-top-2-cm-pure-white-24-5-in-w-x-22-in-d,301,HIGH,not on new BVO; exact same handle exists on GVS
/products/kensington-42-in-solid-wood-vanity-in-bright-white-cabinet-only,https://globalvaluesupply.com/products/kensington-42-in-solid-wood-vanity-in-bright-white-cabinet-only,301,HIGH,not on new BVO; exact same handle exists on GVS
/products/kensington-36-in-solid-wood-vanity-in-bright-white-cabinet-only,https://globalvaluesupply.com/products/kensington-36-in-solid-wood-vanity-in-bright-white-cabinet-only,301,HIGH,not on new BVO; exact same handle exists on GVS
/products/copy-of-61-pure-white-quartz-top-add-on,https://www.bathroomvanitiesoutlet.com/collections/bathroom-vanity-tops,301,MED,vanity top / add-on with no standalone page
/products/mere-67-inch-freestanding-tub,https://globalvaluesupply.com/products/mere-67-inch-freestanding-tub,301,HIGH,not on new BVO; exact same handle exists on GVS
/products/kensington-35-5-right-drawers-in-all-wood-vanity-in-desert-oak-cabinet-only,https://globalvaluesupply.com/products/kensington-35-5-right-drawers-in-all-wood-vanity-in-desert-oak-cabinet-only,301,HIGH,not on new BVO; exact same handle exists on GVS
/products/london-29-5-inch-single-bathroom-vanity-in-desert-oak,https://globalvaluesupply.com/products/london-29-5-inch-single-bathroom-vanity-in-desert-oak,301,HIGH,not on new BVO; exact same handle exists on GVS
/collections/types?q=&constraint=48-inch,https://www.bathroomvanitiesoutlet.com/collections/bathroom-vanities?size_in=48,301,MED,types/constraint=48-inch -> size_in=48
/collections/all/vanities?page=5,https://www.bathroomvanitiesoutlet.com/collections,301,MED,"catch-all index; tag segment ""vanities"" dropped"
/products/050-s72-fp-ejp-snk,https://www.bathroomvanitiesoutlet.com/products/050-s72-fp-ejp-snk,301,HIGH,exact slug match
/products/050-s60s-pbl-snk,https://www.bathroomvanitiesoutlet.com/products/050-s60s-pbl-snk,301,HIGH,exact slug match
/products/040-s72-ldl-snk,https://www.bathroomvanitiesoutlet.com/products/040-s72-ldl-snk,301,HIGH,exact slug match
/products/040-s72-csp-snk,https://www.bathroomvanitiesoutlet.com/products/040-s72-csp-snk,301,HIGH,exact slug match
/products/040-s72-tjr-snk?variant=45377272447158&country=US&currency=USD,https://www.bathroomvanitiesoutlet.com/products/040-s72-tjr-snk,301,HIGH,exact slug match
/products/040-s72-fp-enc-snk,https://www.bathroomvanitiesoutlet.com/products/040-s72-fp-enc-snk,301,HIGH,exact slug match
/products/050-tmc24-tjr,https://www.bathroomvanitiesoutlet.com/products/050-tmc24-tjr,301,HIGH,exact slug match
/products/050-s60d-fp-enc-snk,https://www.bathroomvanitiesoutlet.com/products/050-s60d-fp-enc-snk,301,HIGH,exact slug match
/products/050-tmc24-ejp,https://www.bathroomvanitiesoutlet.com/products/050-tmc24-ejp,301,HIGH,exact slug match
/products/050-s60s-fp-vsl-snk,https://www.bathroomvanitiesoutlet.com/products/050-s60s-fp-vsl-snk,301,HIGH,exact slug match
/collections/all/72-inch,https://www.bathroomvanitiesoutlet.com/collections,301,MED,"catch-all index; tag segment ""72-inch"" dropped"
/products/cs-31-5-bm,https://www.bathroomvanitiesoutlet.com/products/cs-31-5-bm,301,HIGH,exact slug match
/products/050-s72-fp-enc-snk,https://www.bathroomvanitiesoutlet.com/products/050-s72-fp-enc-snk,301,HIGH,exact slug match
/products/050-s60d-ejp-snk,https://www.bathroomvanitiesoutlet.com/products/050-s60d-ejp-snk,301,HIGH,exact slug match
/products/050-s60s-tjr-snk,https://www.bathroomvanitiesoutlet.com/products/050-s60s-tjr-snk,301,HIGH,exact slug match
/products/090-s72-car-snk,https://www.bathroomvanitiesoutlet.com/products/090-s72-car-snk,301,HIGH,exact slug match
/products/060-s48rc-vsl-snk,https://www.bathroomvanitiesoutlet.com/products/060-s48rc-vsl-snk,301,HIGH,exact slug match
/products/050-s84-fp-ejp-snk,https://www.bathroomvanitiesoutlet.com/products/050-s84-fp-ejp-snk,301,HIGH,exact slug match
/products/060-s72rc-wz-snk,https://www.bathroomvanitiesoutlet.com/products/060-s72rc-wz-snk,301,HIGH,exact slug match
/products/050-s36-ldl-snk,https://www.bathroomvanitiesoutlet.com/products/050-s36-ldl-snk,301,HIGH,exact slug match
/products/060-s72rcws-tjr-snk,https://www.bathroomvanitiesoutlet.com/products/060-s72rcws-tjr-snk,301,HIGH,exact slug match
/products/060-s36rcws-pht-snk,https://www.bathroomvanitiesoutlet.com/products/060-s36rcws-pht-snk,301,HIGH,exact slug match
/products/050-s60d-csp-snk,https://www.bathroomvanitiesoutlet.com/products/050-s60d-csp-snk,301,HIGH,exact slug match
/products/050-s72-csp-snk,https://www.bathroomvanitiesoutlet.com/products/050-s72-csp-snk,301,HIGH,exact slug match
/products/050-s60d-vsl-snk,https://www.bathroomvanitiesoutlet.com/products/050-s60d-vsl-snk,301,HIGH,exact slug match
/products/050-s72-tjr-snk,https://www.bathroomvanitiesoutlet.com/products/050-s72-tjr-snk,301,HIGH,exact slug match
/products/051-s72-bs-wz,https://www.bathroomvanitiesoutlet.com/products/051-s72-bs-wz,301,HIGH,exact slug match
/products/050-t30-esr,https://www.bathroomvanitiesoutlet.com/products/050-t30-esr,301,HIGH,exact slug match
/products/060-s72rcws-fp-tjr-snk,https://www.bathroomvanitiesoutlet.com/products/060-s72rcws-fp-tjr-snk,301,HIGH,exact slug match
/products/050-s60s-fp-enc-snk,https://www.bathroomvanitiesoutlet.com/products/050-s60s-fp-enc-snk,301,HIGH,exact slug match
/products/cs-31-5-gw,https://www.bathroomvanitiesoutlet.com/products/cs-31-5-gw,301,HIGH,exact slug match
/products/040-s72-pbl-snk,https://www.bathroomvanitiesoutlet.com/products/040-s72-pbl-snk,301,HIGH,exact slug match
/products/040-s72-fp-vsl-snk,https://www.bathroomvanitiesoutlet.com/products/040-s72-fp-vsl-snk,301,HIGH,exact slug match
/products/060-s72rcws-fp-vsl-snk,https://www.bathroomvanitiesoutlet.com/products/060-s72rcws-fp-vsl-snk,301,HIGH,exact slug match
/collections/types?constraint=84-inch&q=bathroom,https://www.bathroomvanitiesoutlet.com/collections/bathroom-vanities?size_in=84,301,MED,types/constraint=84-inch -> size_in=84
/collections/er-vanities/84-inch,https://globalvaluesupply.com/collections/bathroom-vanities-outlet,301,MED,"Ethan Roth -> GVS per 2026-09-24; tag segment ""84-inch"" dropped"
/products/051-s36-bs-wz,https://www.bathroomvanitiesoutlet.com/products/051-s36-bs-wz,301,HIGH,exact slug match
/products/060-s72rcws-vsl-snk,https://www.bathroomvanitiesoutlet.com/products/060-s72rcws-vsl-snk,301,HIGH,exact slug match
/products/050-s60s-fp-tjr-snk,https://www.bathroomvanitiesoutlet.com/products/050-s60s-fp-tjr-snk,301,HIGH,exact slug match
/products/windsor-30-in-all-wood-vanity-in-bright-white-cabinet-only,https://globalvaluesupply.com/products/windsor-30-in-all-wood-vanity-in-bright-white-cabinet-only,301,HIGH,not on new BVO; exact same handle exists on GVS
/products/090-s48-car-snk,https://www.bathroomvanitiesoutlet.com/products/090-s48-car-snk,301,HIGH,exact slug match
/products/050-s60s-ldl-snk,https://www.bathroomvanitiesoutlet.com/products/050-s60s-ldl-snk,301,HIGH,exact slug match
/collections/wood-bathroom-vanity-cabinets/48-inch,https://www.bathroomvanitiesoutlet.com/collections/bathroom-vanity-cabinets,301,MED,"cabinets-only equivalent; tag segment ""48-inch"" dropped"
/products/emory-shower-only-trim-kit-in-satin-nickel-pvd,https://globalvaluesupply.com/collections/bathroom-vanities-outlet,301,MED,shower door/valve — new BVO carries none; GVS does
/collections/all-products/products/050-s36-pbl-snk,https://www.bathroomvanitiesoutlet.com/products/050-s36-pbl-snk,301,HIGH,exact slug match (nested path stripped)
/collections/all-products/products/050-s36-tjr-snk,https://www.bathroomvanitiesoutlet.com/products/050-s36-tjr-snk,301,HIGH,exact slug match (nested path stripped)
/products/050-s72-fp-sfr-snk,https://www.bathroomvanitiesoutlet.com/products/050-s72-fp-sfr-snk,301,HIGH,exact slug match
/products/050-s60s-fp-ejp-snk,https://www.bathroomvanitiesoutlet.com/products/050-s60s-fp-ejp-snk,301,HIGH,exact slug match
/products/37-calacutta-white-quartz-top-add-on,https://globalvaluesupply.com/products/37-calacutta-white-quartz-top-add-on,301,HIGH,not on new BVO; exact same handle exists on GVS
/products/050-s30-tjr-snk,https://www.bathroomvanitiesoutlet.com/products/050-s30-tjr-snk,301,HIGH,exact slug match
/products/oxford-35-5-inch-bathroom-vanity-in-whitewashed-ash,https://globalvaluesupply.com/products/oxford-35-5-inch-bathroom-vanity-in-whitewashed-ash,301,HIGH,not on new BVO; exact same handle exists on GVS
/products/050-s60s-wz-snk,https://www.bathroomvanitiesoutlet.com/products/050-s60s-wz-snk,301,HIGH,exact slug match
/products/cs-366-gw,https://www.bathroomvanitiesoutlet.com/products/cs-366-gw,301,HIGH,exact slug match
/products/050-s72-ldl-snk,https://www.bathroomvanitiesoutlet.com/products/050-s72-ldl-snk,301,HIGH,exact slug match
/products/040-s72-fp-sfr-snk,https://www.bathroomvanitiesoutlet.com/products/040-s72-fp-sfr-snk,301,HIGH,exact slug match
/products/050-s60d-enc-snk,https://www.bathroomvanitiesoutlet.com/products/050-s60d-enc-snk,301,HIGH,exact slug match
/products/three-piece-roman-tub-filler-polished-nickel,https://globalvaluesupply.com/products/three-piece-roman-tub-filler-polished-nickel,301,HIGH,not on new BVO; exact same handle exists on GVS
/products/050-s60d-fp-vsl-snk,https://www.bathroomvanitiesoutlet.com/products/050-s60d-fp-vsl-snk,301,HIGH,exact slug match
/products/050-tmc24-sfr,https://www.bathroomvanitiesoutlet.com/products/050-tmc24-sfr,301,HIGH,exact slug match
/products/050-tmc24-csp,https://www.bathroomvanitiesoutlet.com/products/050-tmc24-csp,301,HIGH,exact slug match
/collections/all-products/80-inch,https://www.bathroomvanitiesoutlet.com/collections,301,MED,"catch-all index; tag segment ""80-inch"" dropped"
/products/kensington-60-in-solid-wood-vanity-in-bright-white-cabinet-only,https://globalvaluesupply.com/products/kensington-60-in-solid-wood-vanity-in-bright-white-cabinet-only,301,HIGH,not on new BVO; exact same handle exists on GVS
/collections/nearme-bath-vanity-collection/48-inch,https://globalvaluesupply.com/collections/bathroom-vanities-outlet,301,MED,"Nearme brand lives on GVS; tag segment ""48-inch"" dropped"
/products/060-s36rc-vsl-snk,https://www.bathroomvanitiesoutlet.com/products/060-s36rc-vsl-snk,301,HIGH,exact slug match
/products/050-s30-csp-snk,https://www.bathroomvanitiesoutlet.com/products/050-s30-csp-snk,301,HIGH,exact slug match
/products/060-s72rcws-wz-snk,https://www.bathroomvanitiesoutlet.com/products/060-s72rcws-wz-snk,301,HIGH,exact slug match
/collections/freestanding-and-other-tubs/kitchen,https://globalvaluesupply.com/collections/bathroom-vanities-outlet,301,MED,"tubs not carried on new BVO; tag segment ""kitchen"" dropped"
/products/090-s60s-car-snk,https://www.bathroomvanitiesoutlet.com/products/090-s60s-car-snk,301,HIGH,exact slug match
/products/060-s72rcws-sfr-snk,https://www.bathroomvanitiesoutlet.com/products/060-s72rcws-sfr-snk,301,HIGH,exact slug match
/products/050-tmc24-ldl,https://www.bathroomvanitiesoutlet.com/products/050-tmc24-ldl,301,HIGH,exact slug match
/products/050-s60d-sfr-snk,https://www.bathroomvanitiesoutlet.com/products/050-s60d-sfr-snk,301,HIGH,exact slug match
/products/050-s30-pbl-snk,https://www.bathroomvanitiesoutlet.com/products/050-s30-pbl-snk,301,HIGH,exact slug match
/products/051-s60d-bs-wz,https://www.bathroomvanitiesoutlet.com/products/051-s60d-bs-wz,301,HIGH,exact slug match
/products/060-s36rcws-vsl-snk,https://www.bathroomvanitiesoutlet.com/products/060-s36rcws-vsl-snk,301,HIGH,exact slug match
/products/040-s72-sfr-snk,https://www.bathroomvanitiesoutlet.com/products/040-s72-sfr-snk,301,HIGH,exact slug match
/products/nearme-dallas-29-5-inch-bathroom-vanity-in-sage-cabinet-only,https://globalvaluesupply.com/products/nearme-dallas-29-5-inch-bathroom-vanity-in-sage-cabinet-only,301,HIGH,not on new BVO; exact same handle exists on GVS
/products/040-s72-enc-snk,https://www.bathroomvanitiesoutlet.com/products/040-s72-enc-snk,301,HIGH,exact slug match
/products/050-s84-ejp-snk,https://www.bathroomvanitiesoutlet.com/products/050-s84-ejp-snk,301,HIGH,exact slug match
/collections/double-bathroom-vanity/36-inch,https://www.bathroomvanitiesoutlet.com/collections/bathroom-vanities?sink_count=2,301,MED,"double-sink filter; tag segment ""36-inch"" dropped"
/products/050-s72-fp-vsl-snk,https://www.bathroomvanitiesoutlet.com/products/050-s72-fp-vsl-snk,301,HIGH,exact slug match
/products/040-s72-vsl-snk,https://www.bathroomvanitiesoutlet.com/products/040-s72-vsl-snk,301,HIGH,exact slug match
/products/050-s48-pbl-snk,https://www.bathroomvanitiesoutlet.com/products/050-s48-pbl-snk,301,HIGH,exact slug match
/products/050-s60d-fp-ejp-snk,https://www.bathroomvanitiesoutlet.com/products/050-s60d-fp-ejp-snk,301,HIGH,exact slug match
/products/050-s60s-fp-pbl-snk,https://www.bathroomvanitiesoutlet.com/products/050-s60s-fp-pbl-snk,301,HIGH,exact slug match
/products/060-s36rcws-wz-snk,https://www.bathroomvanitiesoutlet.com/products/060-s36rcws-wz-snk,301,HIGH,exact slug match
/products/080-825-s22-af,https://www.bathroomvanitiesoutlet.com/products/080-825-s22-af,301,HIGH,exact slug match
/products/050-s60s-vsl-snk,https://www.bathroomvanitiesoutlet.com/products/050-s60s-vsl-snk,301,HIGH,exact slug match
/products/410-s30-af,https://www.bathroomvanitiesoutlet.com/products/410-s30-af,301,HIGH,exact slug match
/pages/appointment-scheduler,https://www.bathroomvanitiesoutlet.com/pages/contact-us,301,HIGH,direct page equivalent
/products/csp-s4016-wg,https://www.bathroomvanitiesoutlet.com/products/csp-s4016-wg,301,HIGH,exact slug match
/products/050-s36-vsl-snk,https://www.bathroomvanitiesoutlet.com/products/050-s36-vsl-snk,301,HIGH,exact slug match
/products/danze-widespread-bathroom-faucet-from-the-eastham-collection,https://globalvaluesupply.com/products/danze-widespread-bathroom-faucet-from-the-eastham-collection,301,HIGH,not on new BVO; exact same handle exists on GVS
/products/050-t30-ejp,https://www.bathroomvanitiesoutlet.com/products/050-t30-ejp,301,HIGH,exact slug match
/products/050-s60d-fp-pbl-snk,https://www.bathroomvanitiesoutlet.com/products/050-s60d-fp-pbl-snk,301,HIGH,exact slug match
/products/050-s30-ldl-snk,https://www.bathroomvanitiesoutlet.com/products/050-s30-ldl-snk,301,HIGH,exact slug match
/pages/about-us,https://www.bathroomvanitiesoutlet.com/pages/about-us,301,HIGH,direct page equivalent
/products/050-s30-enc-snk,https://www.bathroomvanitiesoutlet.com/products/050-s30-enc-snk,301,HIGH,exact slug match
/products/csp-s2016-wg,https://www.bathroomvanitiesoutlet.com/products/csp-s2016-wg,301,HIGH,exact slug match
/products/cs-378s-gw,https://www.bathroomvanitiesoutlet.com/products/cs-378s-gw,301,HIGH,exact slug match
/products/37-tier-1-top-add-on,https://globalvaluesupply.com/products/37-tier-1-top-add-on,301,HIGH,not on new BVO; exact same handle exists on GVS
/products/050-s36-pht-snk,https://www.bathroomvanitiesoutlet.com/products/050-s36-pht-snk,301,HIGH,exact slug match
/blogs/news/single-sink-bathroom-vanity-cabinets-what-you-should-consider-when-buying,https://www.bathroomvanitiesoutlet.com/inspiration/how-to-choose-a-bathroom-vanity,301,MED,closest guide on the same topic
/products/040-s72-fp-tjr-snk,https://www.bathroomvanitiesoutlet.com/products/040-s72-fp-tjr-snk,301,HIGH,exact slug match
/products/050-s72-vsl-snk,https://www.bathroomvanitiesoutlet.com/products/050-s72-vsl-snk,301,HIGH,exact slug match
/products/cs-378d-gw,https://www.bathroomvanitiesoutlet.com/products/cs-378d-gw,301,HIGH,exact slug match
/products/090-t30-car,https://www.bathroomvanitiesoutlet.com/products/090-t30-car,301,HIGH,exact slug match
/products/050-t30-wz,https://www.bathroomvanitiesoutlet.com/products/050-t30-wz,301,HIGH,exact slug match
/products/060-s36rcws-sfr-snk,https://www.bathroomvanitiesoutlet.com/products/060-s36rcws-sfr-snk,301,HIGH,exact slug match
/products/050-s36-wz-snk,https://www.bathroomvanitiesoutlet.com/products/050-s36-wz-snk,301,HIGH,exact slug match
/products/050-s30-ejp-snk,https://www.bathroomvanitiesoutlet.com/products/050-s30-ejp-snk,301,HIGH,exact slug match
/products/050-tmc24-pbl,https://www.bathroomvanitiesoutlet.com/products/050-tmc24-pbl,301,HIGH,exact slug match
/products/050-tmc24-wz,https://www.bathroomvanitiesoutlet.com/products/050-tmc24-wz,301,HIGH,exact slug match
/products/050-s72-wz-snk,https://www.bathroomvanitiesoutlet.com/products/050-s72-wz-snk,301,HIGH,exact slug match
/products/050-s60s-csp-snk,https://www.bathroomvanitiesoutlet.com/products/050-s60s-csp-snk,301,HIGH,exact slug match
/products/060-s72rcws-fp-sfr-snk,https://www.bathroomvanitiesoutlet.com/products/060-s72rcws-fp-sfr-snk,301,HIGH,exact slug match
/products/050-s72-sfr-snk,https://www.bathroomvanitiesoutlet.com/products/050-s72-sfr-snk,301,HIGH,exact slug match
/products/050-tmc24-enc,https://www.bathroomvanitiesoutlet.com/products/050-tmc24-enc,301,HIGH,exact slug match
/products/050-s30-wz-snk,https://www.bathroomvanitiesoutlet.com/products/050-s30-wz-snk,301,HIGH,exact slug match
/products/stock-top-3-cm-woodgrain-48-5-in-w-x-22-in-d,https://globalvaluesupply.com/products/stock-top-3-cm-woodgrain-48-5-in-w-x-22-in-d,301,HIGH,not on new BVO; exact same handle exists on GVS
/products/050-s72-enc-snk,https://www.bathroomvanitiesoutlet.com/products/050-s72-enc-snk,301,HIGH,exact slug match
/products/050-s48-fp-tjr-snk,https://www.bathroomvanitiesoutlet.com/products/050-s48-fp-tjr-snk,301,HIGH,exact slug match
/products/050-s60s-sfr-snk,https://www.bathroomvanitiesoutlet.com/products/050-s60s-sfr-snk,301,HIGH,exact slug match
/collections/all-products/60-inch?page=2,https://www.bathroomvanitiesoutlet.com/collections,301,MED,"catch-all index; tag segment ""60-inch"" dropped"
/products/050-s72-pbl-snk,https://www.bathroomvanitiesoutlet.com/products/050-s72-pbl-snk,301,HIGH,exact slug match
/products/050-s60d-pht-snk,https://www.bathroomvanitiesoutlet.com/products/050-s60d-pht-snk,301,HIGH,exact slug match
/collections/in-stock-bathroom-vanity-tops-with-sink,https://globalvaluesupply.com/collections/bathroom-vanities-outlet,301,MED,in-stock tops live on GVS
/products/050-tmc24-vsl,https://www.bathroomvanitiesoutlet.com/products/050-tmc24-vsl,301,HIGH,exact slug match
/products/060-s72rc-vsl-snk,https://www.bathroomvanitiesoutlet.com/products/060-s72rc-vsl-snk,301,HIGH,exact slug match
/products/050-s36-sfr-snk,https://www.bathroomvanitiesoutlet.com/products/050-s36-sfr-snk,301,HIGH,exact slug match
/collections/types?constraint=24-inch&q=,https://www.bathroomvanitiesoutlet.com/collections/bathroom-vanities?size_in=24,301,MED,types/constraint=24-inch -> size_in=24
/products/ethan-roth-london-36-inch-single-bathroom-vanity-in-bright-white,https://globalvaluesupply.com/products/ethan-roth-london-36-inch-single-bathroom-vanity-in-bright-white,301,HIGH,not on new BVO; exact same handle exists on GVS
/collections/bathroom-vanities/60-inch?page=2,https://www.bathroomvanitiesoutlet.com/collections/bathroom-vanities,301,MED,"direct equivalent; tag segment ""60-inch"" dropped"
/collections/all-products/36-inch?page=2,https://www.bathroomvanitiesoutlet.com/collections,301,MED,"catch-all index; tag segment ""36-inch"" dropped"
/products/090-825-s22-car,https://www.bathroomvanitiesoutlet.com/products/090-825-s22-car,301,HIGH,exact slug match
/products/090-s60d-car-snk,https://www.bathroomvanitiesoutlet.com/products/090-s60d-car-snk,301,HIGH,exact slug match
/collections/all/80-inch,https://www.bathroomvanitiesoutlet.com/collections,301,MED,"catch-all index; tag segment ""80-inch"" dropped"
/collections/all-products/products/060-s48rcws-fp-sfr-snk,https://www.bathroomvanitiesoutlet.com/products/060-s48rcws-fp-sfr-snk,301,HIGH,exact slug match (nested path stripped)
/collections/all-products/products/050-s48-fp-pbl-snk,https://www.bathroomvanitiesoutlet.com/products/050-s48-fp-pbl-snk,301,HIGH,exact slug match (nested path stripped)
/collections/all-products/products/060-s48rcws-fp-tjr-snk,https://www.bathroomvanitiesoutlet.com/products/060-s48rcws-fp-tjr-snk,301,HIGH,exact slug match (nested path stripped)
/collections/all/products/050-s48-sfr-snk,https://www.bathroomvanitiesoutlet.com/products/050-s48-sfr-snk,301,HIGH,exact slug match (nested path stripped)
/products/london-24-inch-single-bathroom-vanity-in-desert-oak,https://globalvaluesupply.com/products/london-24-inch-single-bathroom-vanity-in-desert-oak,301,HIGH,not on new BVO; exact same handle exists on GVS
/collections/freestanding-and-other-tubs/products/090-t15-car,https://www.bathroomvanitiesoutlet.com/products/090-t15-car,301,HIGH,exact slug match (nested path stripped)
/collections/all-products/products/060-s48rcws-vsl-snk,https://www.bathroomvanitiesoutlet.com/products/060-s48rcws-vsl-snk,301,HIGH,exact slug match (nested path stripped)
/collections/all-products/products/050-s48-csp-snk,https://www.bathroomvanitiesoutlet.com/products/050-s48-csp-snk,301,HIGH,exact slug match (nested path stripped)
/pages/contact-us,https://www.bathroomvanitiesoutlet.com/pages/contact-us,301,HIGH,direct page equivalent
/collections/in-stock-bathroom-vanity-tops-with-sink/60-inch,https://globalvaluesupply.com/collections/bathroom-vanities-outlet,301,MED,"in-stock tops live on GVS; tag segment ""60-inch"" dropped"
/collections/in-stock-bathroom-vanity-tops-with-sink/72-inch,https://globalvaluesupply.com/collections/bathroom-vanities-outlet,301,MED,"in-stock tops live on GVS; tag segment ""72-inch"" dropped"
/collections/wood-bathroom-vanity-cabinets/36-inch,https://www.bathroomvanitiesoutlet.com/collections/bathroom-vanity-cabinets,301,MED,"cabinets-only equivalent; tag segment ""36-inch"" dropped"
/products/the-gabi-42-inch-rustic-ash-vanity,https://www.bathroomvanitiesoutlet.com/collections/bathroom-vanities?size_in=42,301,MED,model discontinued on both catalogues; 42in size intent preserved
/collections/all-products/products/050-s48-ejp-snk,https://www.bathroomvanitiesoutlet.com/products/050-s48-ejp-snk,301,HIGH,exact slug match (nested path stripped)
/collections/all-products/products/060-s48rcws-sfr-snk,https://www.bathroomvanitiesoutlet.com/products/060-s48rcws-sfr-snk,301,HIGH,exact slug match (nested path stripped)
/collections/all-products/products/050-s48-vsl-snk,https://www.bathroomvanitiesoutlet.com/products/050-s48-vsl-snk,301,HIGH,exact slug match (nested path stripped)
/collections/all-products/products/060-s48rcws-fp-vsl-snk,https://www.bathroomvanitiesoutlet.com/products/060-s48rcws-fp-vsl-snk,301,HIGH,exact slug match (nested path stripped)
/collections/all-products/products/050-s48-wz-snk,https://www.bathroomvanitiesoutlet.com/products/050-s48-wz-snk,301,HIGH,exact slug match (nested path stripped)
/collections/in-stock-bathroom-vanities-at-norcross/30-inch,https://globalvaluesupply.com/collections/bathroom-vanities-outlet,301,MED,"in-stock showroom stock lives on GVS; tag segment ""30-inch"" dropped"
/collections/all-products/products/050-s48-fp-ejp-snk,https://www.bathroomvanitiesoutlet.com/products/050-s48-fp-ejp-snk,301,HIGH,exact slug match (nested path stripped)
/collections/all-products/products/060-s48rcws-pht-snk,https://www.bathroomvanitiesoutlet.com/products/060-s48rcws-pht-snk,301,HIGH,exact slug match (nested path stripped)
/collections/all-products/products/050-s48-enc-snk,https://www.bathroomvanitiesoutlet.com/products/050-s48-enc-snk,301,HIGH,exact slug match (nested path stripped)
/collections/all/products/050-s48-fp-sfr-snk,https://www.bathroomvanitiesoutlet.com/products/050-s48-fp-sfr-snk,301,HIGH,exact slug match (nested path stripped)
/products/stock-top-2-cm-carrara-white-48-5-in-w-x-22-in-d,https://globalvaluesupply.com/products/stock-top-2-cm-carrara-white-48-5-in-w-x-22-in-d,301,HIGH,not on new BVO; exact same handle exists on GVS
/products/mr42736br-rectangle-mirror-27-x-36-inch-in-brass,https://globalvaluesupply.com/products/mr42736br-rectangle-mirror-27-x-36-inch-in-brass,301,HIGH,not on new BVO; exact same handle exists on GVS
/collections/all/vanities?page=6,https://www.bathroomvanitiesoutlet.com/collections,301,MED,"catch-all index; tag segment ""vanities"" dropped"
/products/copy-of-trish-59-inch-freestanding-tub,https://globalvaluesupply.com/products/copy-of-trish-59-inch-freestanding-tub,301,HIGH,not on new BVO; exact same handle exists on GVS
/collections/all-products/products/060-s48rcws-wz-snk,https://www.bathroomvanitiesoutlet.com/products/060-s48rcws-wz-snk,301,HIGH,exact slug match (nested path stripped)
/collections/bathroom-vanities-1/products/050-t15-wz,https://www.bathroomvanitiesoutlet.com/products/050-t15-wz,301,HIGH,exact slug match (nested path stripped)
/collections/all-products/products/050-t15-ejp,https://www.bathroomvanitiesoutlet.com/products/050-t15-ejp,301,HIGH,exact slug match (nested path stripped)
/collections/bathroom-vanities-1/products/090-t15-car,https://www.bathroomvanitiesoutlet.com/products/090-t15-car,301,HIGH,exact slug match (nested path stripped)
/collections/bathroom-vanities-1/products/050-t15-ejp,https://www.bathroomvanitiesoutlet.com/products/050-t15-ejp,301,HIGH,exact slug match (nested path stripped)
/pages/delta-faucet-return-policy,https://www.bathroomvanitiesoutlet.com/pages/returns-policy,301,HIGH,direct page equivalent
/products/kensington-35-5-left-drawers-in-all-wood-vanity-in-navy-blue-cabinet-only,https://globalvaluesupply.com/products/kensington-35-5-left-drawers-in-all-wood-vanity-in-navy-blue-cabinet-only,301,HIGH,not on new BVO; exact same handle exists on GVS
/products/rectangular-mirror-20-x-30-in-black,https://globalvaluesupply.com/products/rectangular-mirror-20-x-30-in-black,301,HIGH,not on new BVO; exact same handle exists on GVS
/products/three-piece-roman-tub-filler-matte-black,https://globalvaluesupply.com/collections/bathroom-vanities-outlet,301,MED,freestanding tub — new BVO carries none; GVS does
/products/30-6-x-29-x-69-in-pearl-freestanding-acrylic-tub-in-glossy-white-with-chrome-white-drain-feet,https://globalvaluesupply.com/collections/bathroom-vanities-outlet,301,MED,freestanding tub — new BVO carries none; GVS does
/products/the-gabi-48-inch-rustic-ash-vanity,https://www.bathroomvanitiesoutlet.com/collections/bathroom-vanities?size_in=48,301,MED,model discontinued on both catalogues; 48in size intent preserved
/products/danze-south-shore-double-handle-bathroom-faucet,https://www.bathroomvanitiesoutlet.com/collections/faucets,301,MED,discontinued third-party faucet/fixture
/products/kennesaw-35-5-inch-bathroom-vanity-in-charcoal-grey,https://globalvaluesupply.com/products/kennesaw-35-5-inch-bathroom-vanity-in-charcoal-grey,301,HIGH,not on new BVO; exact same handle exists on GVS
/products/delta-pivotal-two-handle-widespread-bathroom-faucet,https://www.bathroomvanitiesoutlet.com/collections/faucets,301,MED,discontinued third-party faucet/fixture
/products/37-pure-white-quartz-top-add-on,https://globalvaluesupply.com/products/37-pure-white-quartz-top-add-on,301,HIGH,not on new BVO; exact same handle exists on GVS
/collections/all-products/60-inch,https://www.bathroomvanitiesoutlet.com/collections,301,MED,"catch-all index; tag segment ""60-inch"" dropped"
/collections/in-stock-bathroom-vanity-tops-with-sink/24-inch,https://globalvaluesupply.com/collections/bathroom-vanities-outlet,301,MED,"in-stock tops live on GVS; tag segment ""24-inch"" dropped"
/products/helios-30in-x-72in-hardwired-led-mirror-with-touch-sensor-and-color-changing-temperature-3000k-4200k-6400k,https://www.bathroomvanitiesoutlet.com/collections/bathroom-mirrors,301,MED,discontinued mirror
/products/pfister-arkitek-tub-and-shower-trim-kit-with-single-function-shower-head,https://www.bathroomvanitiesoutlet.com/collections/faucets,301,MED,discontinued third-party faucet/fixture
/blogs/news/tagged/double-bathroom-vanities-renovate-for-less-atlanta-roswell-norcross-marietta-kennesaw-ga,https://www.bathroomvanitiesoutlet.com/inspiration,301,MED,blog tag index -> inspiration hub
/products/nearme-new-york-35-5-inch-bathroom-vanity-in-white-cabinet-only,https://globalvaluesupply.com/products/nearme-new-york-35-5-inch-bathroom-vanity-in-white-cabinet-only,301,HIGH,not on new BVO; exact same handle exists on GVS
/products/round-mirror-mr4058br-with-decorative-hook-32-inch-brass-finish,https://globalvaluesupply.com/products/round-mirror-mr4058br-with-decorative-hook-32-inch-brass-finish,301,HIGH,not on new BVO; exact same handle exists on GVS
/products/nearme-dallas-23-5-inch-bathroom-vanity-in-black-cabinet-only,https://globalvaluesupply.com/products/nearme-dallas-23-5-inch-bathroom-vanity-in-black-cabinet-only,301,HIGH,not on new BVO; exact same handle exists on GVS
/products/elegant-lighting-mr4074bk-eternity-40-inch-x-24-inch-rectangular-beveled-metal,https://globalvaluesupply.com/products/elegant-lighting-mr4074bk-eternity-40-inch-x-24-inch-rectangular-beveled-metal,301,HIGH,not on new BVO; exact same handle exists on GVS
/products/stock-top-2-cm-pure-white-53-5-in-w-x-22-in-d,https://globalvaluesupply.com/products/stock-top-2-cm-pure-white-53-5-in-w-x-22-in-d,301,HIGH,not on new BVO; exact same handle exists on GVS
/products/nearme-dallas-47-5-inch-bathroom-vanity-in-black-cabinet-only,https://globalvaluesupply.com/products/nearme-dallas-47-5-inch-bathroom-vanity-in-black-cabinet-only,301,HIGH,not on new BVO; exact same handle exists on GVS
/products/stock-top-3-cm-carrara-white-quartz-60-5-single-in-w-x-22-in-d,https://globalvaluesupply.com/products/stock-top-3-cm-carrara-white-quartz-60-5-single-in-w-x-22-in-d,301,HIGH,not on new BVO; exact same handle exists on GVS
/products/nearme-dallas-29-5-inch-bathroom-vanity-in-black-cabinet-only,https://globalvaluesupply.com/products/nearme-dallas-29-5-inch-bathroom-vanity-in-black-cabinet-only,301,HIGH,not on new BVO; exact same handle exists on GVS
/products/grohe-20-574-lineare-widespread-bathroom-faucet-with-pop-up-drain-assembly,https://globalvaluesupply.com/products/grohe-20-574-lineare-widespread-bathroom-faucet-with-pop-up-drain-assembly,301,HIGH,not on new BVO; exact same handle exists on GVS
/products/elegant-decor-soft-corner-metal-rectangular-mirror-36x36-inch-in-blue,https://globalvaluesupply.com/products/elegant-decor-soft-corner-metal-rectangular-mirror-36x36-inch-in-blue,301,HIGH,not on new BVO; exact same handle exists on GVS
/products/49-calacutta-white-quartz-top-add-on,https://globalvaluesupply.com/products/49-calacutta-white-quartz-top-add-on,301,HIGH,not on new BVO; exact same handle exists on GVS
/products/73-tier-3-top-add-on,https://www.bathroomvanitiesoutlet.com/collections/bathroom-vanity-tops,301,MED,vanity top / add-on with no standalone page
/products/61-tier-1-top-add-on,https://www.bathroomvanitiesoutlet.com/collections/bathroom-vanity-tops,301,MED,vanity top / add-on with no standalone page
/products/delta-hydrorain-universal-showering-components-2-5-gpm-multi-function-shower,https://www.bathroomvanitiesoutlet.com/collections/faucets,301,MED,discontinued third-party faucet/fixture
/products/harper-collection-luxury-vinyl-plank-7x-48-planks,,410,HIGH,no equivalent in any category on either site
/products/stock-top-3-cm-woodgrain-quartz-36-5-in-w-x-22-in-d,https://globalvaluesupply.com/products/stock-top-3-cm-woodgrain-quartz-36-5-in-w-x-22-in-d,301,HIGH,not on new BVO; exact same handle exists on GVS
/products/stock-top-3-cm-carrara-white-quartz-24-5-in-w-x-22-in-d,https://globalvaluesupply.com/products/stock-top-3-cm-carrara-white-quartz-24-5-in-w-x-22-in-d,301,HIGH,not on new BVO; exact same handle exists on GVS
/products/stock-top-3-cm-carrara-white-quartz-72-5-in-w-x-22-in-d,https://globalvaluesupply.com/products/stock-top-3-cm-carrara-white-quartz-72-5-in-w-x-22-in-d,301,HIGH,not on new BVO; exact same handle exists on GVS
/products/elegant-decor-metal-frame-rectangle-mirror-30-inch-in-brass,https://globalvaluesupply.com/products/elegant-decor-metal-frame-rectangle-mirror-30-inch-in-brass,301,HIGH,not on new BVO; exact same handle exists on GVS
/products/kensington-49-in-solid-wood-vanity-in-bright-white-cabinet-only,https://globalvaluesupply.com/products/kensington-49-in-solid-wood-vanity-in-bright-white-cabinet-only,301,HIGH,not on new BVO; exact same handle exists on GVS
/products/elegant-lighting-mre14272-helios-42-x-72-rectangular-frameless-wall-mounted-lighted,https://www.bathroomvanitiesoutlet.com/collections/bathroom-mirrors,301,MED,discontinued mirror
/products/stock-top-3-cm-carrara-white-quartz-30-5-in-w-x-22-in-d,https://globalvaluesupply.com/products/stock-top-3-cm-carrara-white-quartz-30-5-in-w-x-22-in-d,301,HIGH,not on new BVO; exact same handle exists on GVS
/products/elegant-decor-mr43672br-36-in-metal-frame-rectangle-mirror-in-brass-35-25-x-71-25-x-0-16-in,https://www.bathroomvanitiesoutlet.com/collections/bathroom-mirrors,301,MED,discontinued mirror
/products/elegant-decor-metal-frame-rectangle-mirror-24-inch-silver,https://globalvaluesupply.com/products/elegant-decor-metal-frame-rectangle-mirror-24-inch-silver,301,HIGH,not on new BVO; exact same handle exists on GVS
/collections/all/60-inch,https://www.bathroomvanitiesoutlet.com/collections,301,MED,"catch-all index; tag segment ""60-inch"" dropped"
/collections/in-stock-bathroom-vanities-at-norcross/80-inch,https://globalvaluesupply.com/collections/bathroom-vanities-outlet,301,MED,"in-stock showroom stock lives on GVS; tag segment ""80-inch"" dropped"
/collections/er-vanities/30-inch,https://globalvaluesupply.com/collections/bathroom-vanities-outlet,301,MED,"Ethan Roth -> GVS per 2026-09-24; tag segment ""30-inch"" dropped"
/products/24-tier-3-top-add-on,https://globalvaluesupply.com/products/24-tier-3-top-add-on,301,HIGH,not on new BVO; exact same handle exists on GVS
/products/kensington-36-in-solid-wood-vanity-in-metal-gray-cabinet-only,https://globalvaluesupply.com/products/kensington-36-in-solid-wood-vanity-in-metal-gray-cabinet-only,301,HIGH,not on new BVO; exact same handle exists on GVS
/products/round-mirror-28-inch-brass-finish,https://globalvaluesupply.com/products/round-mirror-28-inch-brass-finish,301,HIGH,not on new BVO; exact same handle exists on GVS
/products/stock-top-2-cm-pure-white-60-5-double-in-w-x-22-in-d,https://globalvaluesupply.com/products/stock-top-2-cm-pure-white-60-5-double-in-w-x-22-in-d,301,HIGH,not on new BVO; exact same handle exists on GVS
/products/kensington-29-5-right-drawers-in-all-wood-vanity-in-navy-blue-cabinet-only,https://globalvaluesupply.com/products/kensington-29-5-right-drawers-in-all-wood-vanity-in-navy-blue-cabinet-only,301,HIGH,not on new BVO; exact same handle exists on GVS
/products/arkitek-2-handle-8-widespread-bathroom-faucet-in-polished-chrome,https://www.bathroomvanitiesoutlet.com/collections/faucets,301,MED,discontinued third-party faucet/fixture
/products/london-71-5-inch-double-bathroom-vanity-in-desert-oak,https://globalvaluesupply.com/products/london-71-5-inch-double-bathroom-vanity-in-desert-oak,301,HIGH,not on new BVO; exact same handle exists on GVS
/products/venetian-wall-mirror-mr-2014c-27-6w-x-35-8h-in,https://www.bathroomvanitiesoutlet.com/collections/bathroom-mirrors,301,MED,discontinued mirror
/products/classic-roman-tub-with-hand-shower-trim,https://globalvaluesupply.com/collections/bathroom-vanities-outlet,301,MED,freestanding tub — new BVO carries none; GVS does
/products/helios-42in-x-60in-hardwired-led-mirror-with-touch-sensor-and-color-changing-temperature-3000k-4200k-6400k,https://www.bathroomvanitiesoutlet.com/collections/bathroom-mirrors,301,MED,discontinued mirror
/products/hardwired-led-mirror-w36-x-h72-dimmable-5000k,https://www.bathroomvanitiesoutlet.com/collections/bathroom-mirrors,301,MED,discontinued mirror
/products/pasadena-single-handle-3-spray-tub-shower-faucet-in-chrome-valve-included,https://www.bathroomvanitiesoutlet.com/collections/faucets,301,MED,discontinued third-party faucet/fixture
/collections/all-products?page=2,https://www.bathroomvanitiesoutlet.com/collections,301,MED,"catch-all index; query ""page=2"" dropped"
/collections/all-products/42-inch,https://www.bathroomvanitiesoutlet.com/collections,301,MED,"catch-all index; tag segment ""42-inch"" dropped"
/collections/bathroom-vanities?page=2,https://www.bathroomvanitiesoutlet.com/collections/bathroom-vanities,301,MED,"direct equivalent; query ""page=2"" dropped"
/collections/all-products?page=3,https://www.bathroomvanitiesoutlet.com/collections,301,MED,"catch-all index; query ""page=3"" dropped"
/products/rectangular-mirror-mr802240bk-22x40-inch-in-black,https://globalvaluesupply.com/products/rectangular-mirror-mr802240bk-22x40-inch-in-black,301,HIGH,not on new BVO; exact same handle exists on GVS
/products/kensington-30-right-drawers-in-solid-wood-vanity-in-bright-white-cabinet-only,https://globalvaluesupply.com/products/kensington-30-right-drawers-in-solid-wood-vanity-in-bright-white-cabinet-only,301,HIGH,not on new BVO; exact same handle exists on GVS
/collections/all/36-inch?page=3,https://www.bathroomvanitiesoutlet.com/collections,301,MED,"catch-all index; tag segment ""36-inch"" dropped"
/products/elegant-lighting-mr404x-36-eternity-36-diameter-circular-beveled-metal-framed-b,https://globalvaluesupply.com/products/elegant-lighting-mr404x-36-eternity-36-diameter-circular-beveled-metal-framed-b,301,HIGH,not on new BVO; exact same handle exists on GVS
/products/windsor-60-single-in-all-wood-vanity-in-bright-white-cabinet-only,https://globalvaluesupply.com/products/windsor-60-single-in-all-wood-vanity-in-bright-white-cabinet-only,301,HIGH,not on new BVO; exact same handle exists on GVS
/products/helios-36in-x-72in-hardwired-led-mirror-with-touch-sensor-and-color-changing-temperature-3000k-4200k-6400k,https://www.bathroomvanitiesoutlet.com/collections/bathroom-mirrors,301,MED,discontinued mirror
/products/bristol-59-5-in-double-sink-all-wood-vanity-in-natural-white-ash-cabinet-only,https://globalvaluesupply.com/products/bristol-59-5-in-double-sink-all-wood-vanity-in-natural-white-ash-cabinet-only,301,HIGH,not on new BVO; exact same handle exists on GVS
/products/elegant-lighting-mr404x-48-eternity-48-inch-diameter-circular-beveled-metal-fram,https://www.bathroomvanitiesoutlet.com/collections/bathroom-mirrors,301,MED,discontinued mirror
/collections/bathroom-vanities?page=5,https://www.bathroomvanitiesoutlet.com/collections/bathroom-vanities,301,MED,"direct equivalent; query ""page=5"" dropped"
/collections/er-vanities/48-inch,https://globalvaluesupply.com/collections/bathroom-vanities-outlet,301,MED,"Ethan Roth -> GVS per 2026-09-24; tag segment ""48-inch"" dropped"
/collections/all-products/36-inch?page=3,https://www.bathroomvanitiesoutlet.com/collections,301,MED,"catch-all index; tag segment ""36-inch"" dropped"
/collections/types?q=bathroom&constraint=80-inch,https://www.bathroomvanitiesoutlet.com/collections/bathroom-vanities?size_in=80,301,MED,types/constraint=80-inch -> size_in=80
/collections/bathroom-vanities?page=4,https://www.bathroomvanitiesoutlet.com/collections/bathroom-vanities,301,MED,"direct equivalent; query ""page=4"" dropped"
/collections/in-stock-bathroom-vanities-at-norcross?page=6,https://globalvaluesupply.com/collections/bathroom-vanities-outlet,301,MED,"in-stock showroom stock lives on GVS; query ""page=6"" dropped"
/collections/er-vanities?page=2,https://globalvaluesupply.com/collections/bathroom-vanities-outlet,301,MED,"Ethan Roth -> GVS per 2026-09-24; query ""page=2"" dropped"
/products/24-tier-4-top-add-on,https://globalvaluesupply.com/products/24-tier-4-top-add-on,301,HIGH,not on new BVO; exact same handle exists on GVS
/products/49-tier-1-add-on,https://globalvaluesupply.com/products/49-tier-1-add-on,301,HIGH,not on new BVO; exact same handle exists on GVS
/collections/freestanding-and-other-tubs?page=3,https://globalvaluesupply.com/collections/bathroom-vanities-outlet,301,MED,"tubs not carried on new BVO; query ""page=3"" dropped"
/products/43-tier-3-top-add-on,https://globalvaluesupply.com/products/43-tier-3-top-add-on,301,HIGH,not on new BVO; exact same handle exists on GVS
/collections/all-products/60-inch?page=3,https://www.bathroomvanitiesoutlet.com/collections,301,MED,"catch-all index; tag segment ""60-inch"" dropped"
/collections/er-vanities/60-inch,https://globalvaluesupply.com/collections/bathroom-vanities-outlet,301,MED,"Ethan Roth -> GVS per 2026-09-24; tag segment ""60-inch"" dropped"
/products/appointment,,410,HIGH,no equivalent in any category on either site
/collections/bathroom-vanities?page=6,https://www.bathroomvanitiesoutlet.com/collections/bathroom-vanities,301,MED,"direct equivalent; query ""page=6"" dropped"
/collections/bathroom-vanities-1/60-inch,https://www.bathroomvanitiesoutlet.com/collections/bathroom-vanities,301,MED,"duplicate of bathroom-vanities; tag segment ""60-inch"" dropped"
/collections/bathroom-vanities/bristol,https://www.bathroomvanitiesoutlet.com/collections/bathroom-vanities,301,MED,"direct equivalent; tag segment ""bristol"" dropped"
/products/stock-top-2-cm-carrara-white-24-5-in-w-x-22-in-d,https://globalvaluesupply.com/products/stock-top-2-cm-carrara-white-24-5-in-w-x-22-in-d,301,HIGH,not on new BVO; exact same handle exists on GVS
/collections/er-vanities?page=5,https://globalvaluesupply.com/collections/bathroom-vanities-outlet,301,MED,"Ethan Roth -> GVS per 2026-09-24; query ""page=5"" dropped"
/collections/er-vanities/24-inch,https://globalvaluesupply.com/collections/bathroom-vanities-outlet,301,MED,"Ethan Roth -> GVS per 2026-09-24; tag segment ""24-inch"" dropped"
/collections/bathroom-vanities-80-inches-plus/bristol,https://www.bathroomvanitiesoutlet.com/collections/bathroom-vanities?min_size_in=80,301,MED,"80in-plus filter; tag segment ""bristol"" dropped"
/products/stock-top-2-cm-pure-white-60-5-single-in-w-x-22-in-d,https://globalvaluesupply.com/products/stock-top-2-cm-pure-white-60-5-single-in-w-x-22-in-d,301,HIGH,not on new BVO; exact same handle exists on GVS
/products/metal-frame-rectangle-mirror-30-inch-in-sliver,https://globalvaluesupply.com/products/metal-frame-rectangle-mirror-30-inch-in-sliver,301,HIGH,not on new BVO; exact same handle exists on GVS
/collections/in-stock-bathroom-vanities-at-norcross?page=2,https://globalvaluesupply.com/collections/bathroom-vanities-outlet,301,MED,"in-stock showroom stock lives on GVS; query ""page=2"" dropped"
/products/stock-top-3-cm-woodgrain-72-5-in-w-x-22-in-d,https://globalvaluesupply.com/products/stock-top-3-cm-woodgrain-72-5-in-w-x-22-in-d,301,HIGH,not on new BVO; exact same handle exists on GVS
/collections/all-products/30-inch?page=2,https://www.bathroomvanitiesoutlet.com/collections,301,MED,"catch-all index; tag segment ""30-inch"" dropped"
/products/elegant-decor-mr9152-37-5-x-47-5-in-sparkle-contemporary-rectangle-mirror-clear,https://globalvaluesupply.com/products/elegant-decor-mr9152-37-5-x-47-5-in-sparkle-contemporary-rectangle-mirror-clear,301,HIGH,not on new BVO; exact same handle exists on GVS
/collections/nearme-bath-vanity-collection?page=2,https://globalvaluesupply.com/collections/bathroom-vanities-outlet,301,MED,"Nearme brand lives on GVS; query ""page=2"" dropped"
/collections/all/vanities?page=7,https://www.bathroomvanitiesoutlet.com/collections,301,MED,"catch-all index; tag segment ""vanities"" dropped"
/collections/all-products/products/nearme-dallas-47-5-inch-bathroom-vanity-in-white-cabinet-only,https://globalvaluesupply.com/products/nearme-dallas-47-5-inch-bathroom-vanity-in-white-cabinet-only,301,HIGH,not on new BVO; exact same handle exists on GVS
