rflpos_sku,code,collection,size_type,nominal_size,finish,idx,source,source_file,source_url,public_id,shot_type,delivery_crop,alt_text,flag,upload,shared_with
PR1269,Bristol-29.5-NWA-BG,Bristol,29.5,30,Natural White Ash,1,shopify,Bristol-29.5-NWA-BG-V292-AAA_3477-1copy_e3dc74e4-7622-43c3-802c-7b3b33fd89d9.jpg,https://cdn.shopify.com/s/files/1/1138/0326/files/Bristol-29.5-NWA-BG-V292-AAA_3477-1copy_e3dc74e4-7622-43c3-802c-7b3b33fd89d9.jpg,bathroom-vanities-outlet/er-vanities/bathroom-vanity-bristol-30-natural-white-ash-pr1269-1,product,"c_pad,b_auto","Bristol 30 inch bathroom vanity in Natural White Ash, product view",,yes,
PR1269,Bristol-29.5-NWA-BG,Bristol,29.5,30,Natural White Ash,2,shopify,Bristol-29.5-NWA-BG-V292-AAA_3479_copy_eff0606d-7987-4b8e-be05-465b96cf6b3c.jpg,https://cdn.shopify.com/s/files/1/1138/0326/files/Bristol-29.5-NWA-BG-V292-AAA_3479_copy_eff0606d-7987-4b8e-be05-465b96cf6b3c.jpg,bathroom-vanities-outlet/er-vanities/bathroom-vanity-bristol-30-natural-white-ash-pr1269-2,product,"c_pad,b_auto","Bristol 30 inch bathroom vanity in Natural White Ash, product view",,yes,
PR1269,Bristol-29.5-NWA-BG,Bristol,29.5,30,Natural White Ash,3,shopify,Bristol-29.5-NWA-BG-V292-AAA_3480_copy_d037395a-ecd8-4b1b-af0a-dcf0a4ef10f3.jpg,https://cdn.shopify.com/s/files/1/1138/0326/files/Bristol-29.5-NWA-BG-V292-AAA_3480_copy_d037395a-ecd8-4b1b-af0a-dcf0a4ef10f3.jpg,bathroom-vanities-outlet/er-vanities/bathroom-vanity-bristol-30-natural-white-ash-pr1269-3,product,"c_pad,b_auto","Bristol 30 inch bathroom vanity in Natural White Ash, product view",,yes,
PR1269,Bristol-29.5-NWA-BG,Bristol,29.5,30,Natural White Ash,4,shopify,Bristol-29.5-NWA-BG-V292-AAA_3477_copy_1640f255-3ac2-487e-9079-8acbd29c365e.jpg,https://cdn.shopify.com/s/files/1/1138/0326/files/Bristol-29.5-NWA-BG-V292-AAA_3477_copy_1640f255-3ac2-487e-9079-8acbd29c365e.jpg,bathroom-vanities-outlet/er-vanities/bathroom-vanity-bristol-30-natural-white-ash-pr1269-4,product,"c_pad,b_auto","Bristol 30 inch bathroom vanity in Natural White Ash, product view",,yes,
PR1270,Bristol-35.5-NWA-BG,Bristol,35.5,36,Natural White Ash,1,shopify,Bristol-35.5-NWA-BG-V292-AAA_3473-1copy_3f5211de-559b-4e5a-b66c-173b369fdc8d.jpg,https://cdn.shopify.com/s/files/1/1138/0326/files/Bristol-35.5-NWA-BG-V292-AAA_3473-1copy_3f5211de-559b-4e5a-b66c-173b369fdc8d.jpg,bathroom-vanities-outlet/er-vanities/bathroom-vanity-bristol-36-natural-white-ash-pr1270-1,product,"c_pad,b_auto","Bristol 36 inch bathroom vanity in Natural White Ash, product view",,yes,
PR1270,Bristol-35.5-NWA-BG,Bristol,35.5,36,Natural White Ash,2,shopify,Bristol-35.5-NWA-BG-V292-AAA_3475_copy_9b0a9879-d44f-49f8-b869-b0f05b2297c9.jpg,https://cdn.shopify.com/s/files/1/1138/0326/files/Bristol-35.5-NWA-BG-V292-AAA_3475_copy_9b0a9879-d44f-49f8-b869-b0f05b2297c9.jpg,bathroom-vanities-outlet/er-vanities/bathroom-vanity-bristol-36-natural-white-ash-pr1270-2,product,"c_pad,b_auto","Bristol 36 inch bathroom vanity in Natural White Ash, product view",,yes,
PR1270,Bristol-35.5-NWA-BG,Bristol,35.5,36,Natural White Ash,3,shopify,Bristol-35.5-NWA-BG-V292-AAA_3476_copy_c52e54ea-d00a-4faa-9a5d-b5cb6b44d85e.jpg,https://cdn.shopify.com/s/files/1/1138/0326/files/Bristol-35.5-NWA-BG-V292-AAA_3476_copy_c52e54ea-d00a-4faa-9a5d-b5cb6b44d85e.jpg,bathroom-vanities-outlet/er-vanities/bathroom-vanity-bristol-36-natural-white-ash-pr1270-3,product,"c_pad,b_auto","Bristol 36 inch bathroom vanity in Natural White Ash, product view",,yes,
PR1270,Bristol-35.5-NWA-BG,Bristol,35.5,36,Natural White Ash,4,shopify,Bristol-35.5-NWA-BG-V292-AAA_3473_copy_d7606288-ccc4-42dd-ac05-9def29707b28.jpg,https://cdn.shopify.com/s/files/1/1138/0326/files/Bristol-35.5-NWA-BG-V292-AAA_3473_copy_d7606288-ccc4-42dd-ac05-9def29707b28.jpg,bathroom-vanities-outlet/er-vanities/bathroom-vanity-bristol-36-natural-white-ash-pr1270-4,product,"c_pad,b_auto","Bristol 36 inch bathroom vanity in Natural White Ash, product view",,yes,
PR1271,Bristol-41.5-NWA-BG,Bristol,41.5,42,Natural White Ash,1,shopify,Bristol-41.5-NWA-BG-V292-AAA_3464-1copy.jpg,https://cdn.shopify.com/s/files/1/1138/0326/files/Bristol-41.5-NWA-BG-V292-AAA_3464-1copy.jpg,bathroom-vanities-outlet/er-vanities/bathroom-vanity-bristol-42-natural-white-ash-pr1271-1,product,"c_pad,b_auto","Bristol 42 inch bathroom vanity in Natural White Ash, product view",,yes,
PR1271,Bristol-41.5-NWA-BG,Bristol,41.5,42,Natural White Ash,2,shopify,Bristol_NWA_42__Front_View.png,https://cdn.shopify.com/s/files/1/1138/0326/files/Bristol_NWA_42__Front_View.png,bathroom-vanities-outlet/er-vanities/bathroom-vanity-bristol-42-natural-white-ash-pr1271-2,product,"c_pad,b_auto","Bristol 42 inch bathroom vanity in Natural White Ash, render view",,yes,
PR1271,Bristol-41.5-NWA-BG,Bristol,41.5,42,Natural White Ash,3,shopify,Bristol_NWA_42__Top_Down.png,https://cdn.shopify.com/s/files/1/1138/0326/files/Bristol_NWA_42__Top_Down.png,bathroom-vanities-outlet/er-vanities/bathroom-vanity-bristol-42-natural-white-ash-pr1271-3,product,"c_pad,b_auto","Bristol 42 inch bathroom vanity in Natural White Ash, render view",,yes,
PR1271,Bristol-41.5-NWA-BG,Bristol,41.5,42,Natural White Ash,4,shopify,Bristol_NWA_42__Side_View.png,https://cdn.shopify.com/s/files/1/1138/0326/files/Bristol_NWA_42__Side_View.png,bathroom-vanities-outlet/er-vanities/bathroom-vanity-bristol-42-natural-white-ash-pr1271-4,product,"c_pad,b_auto","Bristol 42 inch bathroom vanity in Natural White Ash, render view",,yes,
PR1271,Bristol-41.5-NWA-BG,Bristol,41.5,42,Natural White Ash,5,shopify,Bristol-41.5-NWA-BG-V292-AAA_3466_copy.jpg,https://cdn.shopify.com/s/files/1/1138/0326/files/Bristol-41.5-NWA-BG-V292-AAA_3466_copy.jpg,bathroom-vanities-outlet/er-vanities/bathroom-vanity-bristol-42-natural-white-ash-pr1271-5,product,"c_pad,b_auto","Bristol 42 inch bathroom vanity in Natural White Ash, product view",,yes,
PR1271,Bristol-41.5-NWA-BG,Bristol,41.5,42,Natural White Ash,6,shopify,Bristol-41.5-NWA-BG-V292-AAA_3465_copy.jpg,https://cdn.shopify.com/s/files/1/1138/0326/files/Bristol-41.5-NWA-BG-V292-AAA_3465_copy.jpg,bathroom-vanities-outlet/er-vanities/bathroom-vanity-bristol-42-natural-white-ash-pr1271-6,product,"c_pad,b_auto","Bristol 42 inch bathroom vanity in Natural White Ash, product view",,yes,
PR1271,Bristol-41.5-NWA-BG,Bristol,41.5,42,Natural White Ash,7,shopify,Bristol-41.5-NWA-BG-V292-AAA_3471_copy.jpg,https://cdn.shopify.com/s/files/1/1138/0326/files/Bristol-41.5-NWA-BG-V292-AAA_3471_copy.jpg,bathroom-vanities-outlet/er-vanities/bathroom-vanity-bristol-42-natural-white-ash-pr1271-7,product,"c_pad,b_auto","Bristol 42 inch bathroom vanity in Natural White Ash, product view",,yes,
PR1272,Bristol-47.5-NWA-BG,Bristol,47.5,48,Natural White Ash,1,shopify,Bristol-47.5-NWA-BG-V292-AAA_3460-1copy.jpg,https://cdn.shopify.com/s/files/1/1138/0326/files/Bristol-47.5-NWA-BG-V292-AAA_3460-1copy.jpg,bathroom-vanities-outlet/er-vanities/bathroom-vanity-bristol-48-natural-white-ash-pr1272-1,product,"c_pad,b_auto","Bristol 48 inch bathroom vanity in Natural White Ash, product view",,yes,
PR1272,Bristol-47.5-NWA-BG,Bristol,47.5,48,Natural White Ash,2,shopify,Bristol_NWA_48__Front_View.png,https://cdn.shopify.com/s/files/1/1138/0326/files/Bristol_NWA_48__Front_View.png,bathroom-vanities-outlet/er-vanities/bathroom-vanity-bristol-48-natural-white-ash-pr1272-2,product,"c_pad,b_auto","Bristol 48 inch bathroom vanity in Natural White Ash, render view",,yes,
PR1272,Bristol-47.5-NWA-BG,Bristol,47.5,48,Natural White Ash,3,shopify,Bristol_NWA_48__Top_Down.png,https://cdn.shopify.com/s/files/1/1138/0326/files/Bristol_NWA_48__Top_Down.png,bathroom-vanities-outlet/er-vanities/bathroom-vanity-bristol-48-natural-white-ash-pr1272-3,product,"c_pad,b_auto","Bristol 48 inch bathroom vanity in Natural White Ash, render view",,yes,
PR1272,Bristol-47.5-NWA-BG,Bristol,47.5,48,Natural White Ash,4,shopify,Bristol_NWA_48__Side_View.png,https://cdn.shopify.com/s/files/1/1138/0326/files/Bristol_NWA_48__Side_View.png,bathroom-vanities-outlet/er-vanities/bathroom-vanity-bristol-48-natural-white-ash-pr1272-4,product,"c_pad,b_auto","Bristol 48 inch bathroom vanity in Natural White Ash, render view",,yes,
PR1272,Bristol-47.5-NWA-BG,Bristol,47.5,48,Natural White Ash,5,shopify,Bristol-47.5-NWA-BG-V292-AAA_3461_copy.jpg,https://cdn.shopify.com/s/files/1/1138/0326/files/Bristol-47.5-NWA-BG-V292-AAA_3461_copy.jpg,bathroom-vanities-outlet/er-vanities/bathroom-vanity-bristol-48-natural-white-ash-pr1272-5,product,"c_pad,b_auto","Bristol 48 inch bathroom vanity in Natural White Ash, product view",,yes,
PR1272,Bristol-47.5-NWA-BG,Bristol,47.5,48,Natural White Ash,6,shopify,Bristol-47.5-NWA-BG-V292-AAA_3462_copy.jpg,https://cdn.shopify.com/s/files/1/1138/0326/files/Bristol-47.5-NWA-BG-V292-AAA_3462_copy.jpg,bathroom-vanities-outlet/er-vanities/bathroom-vanity-bristol-48-natural-white-ash-pr1272-6,product,"c_pad,b_auto","Bristol 48 inch bathroom vanity in Natural White Ash, product view",,yes,
PR1272,Bristol-47.5-NWA-BG,Bristol,47.5,48,Natural White Ash,7,shopify,Bristol-47.5-NWA-BG-V292-AAA_3457_copy.jpg,https://cdn.shopify.com/s/files/1/1138/0326/files/Bristol-47.5-NWA-BG-V292-AAA_3457_copy.jpg,bathroom-vanities-outlet/er-vanities/bathroom-vanity-bristol-48-natural-white-ash-pr1272-7,product,"c_pad,b_auto","Bristol 48 inch bathroom vanity in Natural White Ash, product view",,yes,
PR1273,Bristol-59.5D-NWA-BG,Bristol,59.5D,60D,Natural White Ash,1,shopify,Bristol-59.5D-NWA-BG-V292-AAA_3449-1copy.jpg,https://cdn.shopify.com/s/files/1/1138/0326/files/Bristol-59.5D-NWA-BG-V292-AAA_3449-1copy.jpg,bathroom-vanities-outlet/er-vanities/bathroom-vanity-bristol-60d-natural-white-ash-pr1273-1,product,"c_pad,b_auto","Bristol 60 inch double sink bathroom vanity in Natural White Ash, product view",,yes,
PR1273,Bristol-59.5D-NWA-BG,Bristol,59.5D,60D,Natural White Ash,2,shopify,Bristol-59.5D-NWA-BG-V292-AAA_3451_copy.jpg,https://cdn.shopify.com/s/files/1/1138/0326/files/Bristol-59.5D-NWA-BG-V292-AAA_3451_copy.jpg,bathroom-vanities-outlet/er-vanities/bathroom-vanity-bristol-60d-natural-white-ash-pr1273-2,product,"c_pad,b_auto","Bristol 60 inch double sink bathroom vanity in Natural White Ash, product view",,yes,
PR1273,Bristol-59.5D-NWA-BG,Bristol,59.5D,60D,Natural White Ash,3,shopify,Bristol-59.5D-NWA-BG-V292-AAA_3450_copy.jpg,https://cdn.shopify.com/s/files/1/1138/0326/files/Bristol-59.5D-NWA-BG-V292-AAA_3450_copy.jpg,bathroom-vanities-outlet/er-vanities/bathroom-vanity-bristol-60d-natural-white-ash-pr1273-3,product,"c_pad,b_auto","Bristol 60 inch double sink bathroom vanity in Natural White Ash, product view",,yes,
PR1273,Bristol-59.5D-NWA-BG,Bristol,59.5D,60D,Natural White Ash,4,shopify,Bristol-59.5D-NWA-BG-V292-AAA_3449_copy.jpg,https://cdn.shopify.com/s/files/1/1138/0326/files/Bristol-59.5D-NWA-BG-V292-AAA_3449_copy.jpg,bathroom-vanities-outlet/er-vanities/bathroom-vanity-bristol-60d-natural-white-ash-pr1273-4,product,"c_pad,b_auto","Bristol 60 inch double sink bathroom vanity in Natural White Ash, product view",,yes,
PR1274,Bristol-59.5S-NWA-BG,Bristol,59.5S,60S,Natural White Ash,1,shopify,Bristol-59.5S-NWA-BG-V292-AAA_3437-1copy.jpg,https://cdn.shopify.com/s/files/1/1138/0326/files/Bristol-59.5S-NWA-BG-V292-AAA_3437-1copy.jpg,bathroom-vanities-outlet/er-vanities/bathroom-vanity-bristol-60s-natural-white-ash-pr1274-1,product,"c_pad,b_auto","Bristol 60 inch single sink bathroom vanity in Natural White Ash, product view",,yes,
PR1274,Bristol-59.5S-NWA-BG,Bristol,59.5S,60S,Natural White Ash,2,shopify,Bristol-59.5S-NWA-BG-V292-AAA_3439_copy.jpg,https://cdn.shopify.com/s/files/1/1138/0326/files/Bristol-59.5S-NWA-BG-V292-AAA_3439_copy.jpg,bathroom-vanities-outlet/er-vanities/bathroom-vanity-bristol-60s-natural-white-ash-pr1274-2,product,"c_pad,b_auto","Bristol 60 inch single sink bathroom vanity in Natural White Ash, product view",,yes,
PR1274,Bristol-59.5S-NWA-BG,Bristol,59.5S,60S,Natural White Ash,3,shopify,Bristol-59.5S-NWA-BG-V292-AAA_3440_copy.jpg,https://cdn.shopify.com/s/files/1/1138/0326/files/Bristol-59.5S-NWA-BG-V292-AAA_3440_copy.jpg,bathroom-vanities-outlet/er-vanities/bathroom-vanity-bristol-60s-natural-white-ash-pr1274-3,product,"c_pad,b_auto","Bristol 60 inch single sink bathroom vanity in Natural White Ash, product view",,yes,
PR1274,Bristol-59.5S-NWA-BG,Bristol,59.5S,60S,Natural White Ash,4,shopify,Bristol-59.5S-NWA-BG-V292-AAA_3443_copy.jpg,https://cdn.shopify.com/s/files/1/1138/0326/files/Bristol-59.5S-NWA-BG-V292-AAA_3443_copy.jpg,bathroom-vanities-outlet/er-vanities/bathroom-vanity-bristol-60s-natural-white-ash-pr1274-4,product,"c_pad,b_auto","Bristol 60 inch single sink bathroom vanity in Natural White Ash, product view",,yes,
PR1275,Bristol-71.5-NWA-BG,Bristol,71.5,72,Natural White Ash,1,shopify,Bristol-72.5-NWA-BG-V292-AAA_3427-1copy.jpg,https://cdn.shopify.com/s/files/1/1138/0326/files/Bristol-72.5-NWA-BG-V292-AAA_3427-1copy.jpg,bathroom-vanities-outlet/er-vanities/bathroom-vanity-bristol-72-natural-white-ash-pr1275-1,product,"c_pad,b_auto","Bristol 72 inch bathroom vanity in Natural White Ash, product view",,yes,
PR1275,Bristol-71.5-NWA-BG,Bristol,71.5,72,Natural White Ash,2,shopify,Bristol-72.5-NWA-BG-V292-AAA_3431_copy.jpg,https://cdn.shopify.com/s/files/1/1138/0326/files/Bristol-72.5-NWA-BG-V292-AAA_3431_copy.jpg,bathroom-vanities-outlet/er-vanities/bathroom-vanity-bristol-72-natural-white-ash-pr1275-2,product,"c_pad,b_auto","Bristol 72 inch bathroom vanity in Natural White Ash, product view",,yes,
PR1275,Bristol-71.5-NWA-BG,Bristol,71.5,72,Natural White Ash,3,shopify,Bristol-72.5-NWA-BG-V292-AAA_3433_copy.jpg,https://cdn.shopify.com/s/files/1/1138/0326/files/Bristol-72.5-NWA-BG-V292-AAA_3433_copy.jpg,bathroom-vanities-outlet/er-vanities/bathroom-vanity-bristol-72-natural-white-ash-pr1275-3,product,"c_pad,b_auto","Bristol 72 inch bathroom vanity in Natural White Ash, product view",,yes,
PR1277,Bristol-Bridge3DE-NWA-BG,Bristol,Bridge3DE,bridge3de,Natural White Ash,1,shopify,Bristol84inch3Drawerbathroomvanitynaturalwhiteash.jpg,https://cdn.shopify.com/s/files/1/1138/0326/files/Bristol84inch3Drawerbathroomvanitynaturalwhiteash.jpg,bathroom-vanities-outlet/er-vanities/vanity-bridge-3-drawer-bristol-bridge3de-natural-white-ash-pr1277-1,lifestyle,"c_fill,g_auto","Bristol bridge3de inch bathroom vanity in Natural White Ash, styled in a modern bathroom",LOW-RES,yes,
PR1277,Bristol-Bridge3DE-NWA-BG,Bristol,Bridge3DE,bridge3de,Natural White Ash,2,shopify,Bristol84inch3Drawerbathroomvanitynaturalwhiteash2.jpg,https://cdn.shopify.com/s/files/1/1138/0326/files/Bristol84inch3Drawerbathroomvanitynaturalwhiteash2.jpg,bathroom-vanities-outlet/er-vanities/vanity-bridge-3-drawer-bristol-bridge3de-natural-white-ash-pr1277-2,lifestyle,"c_fill,g_auto","Bristol bridge3de inch bathroom vanity in Natural White Ash, styled in a modern bathroom",LOW-RES,yes,
PR1277,Bristol-Bridge3DE-NWA-BG,Bristol,Bridge3DE,bridge3de,Natural White Ash,3,shopify,Bristol84inch3Drawerbathroomvanitynaturalwhiteash3.jpg,https://cdn.shopify.com/s/files/1/1138/0326/files/Bristol84inch3Drawerbathroomvanitynaturalwhiteash3.jpg,bathroom-vanities-outlet/er-vanities/vanity-bridge-3-drawer-bristol-bridge3de-natural-white-ash-pr1277-3,product,"c_pad,b_auto","Bristol bridge3de inch bathroom vanity in Natural White Ash, bridge configuration",,yes,
PR1277,Bristol-Bridge3DE-NWA-BG,Bristol,Bridge3DE,bridge3de,Natural White Ash,4,shopify,Bristol84inch3Drawerbathroomvanitynaturalwhiteash4.jpg,https://cdn.shopify.com/s/files/1/1138/0326/files/Bristol84inch3Drawerbathroomvanitynaturalwhiteash4.jpg,bathroom-vanities-outlet/er-vanities/vanity-bridge-3-drawer-bristol-bridge3de-natural-white-ash-pr1277-4,product,"c_pad,b_auto","Bristol bridge3de inch bathroom vanity in Natural White Ash, bridge configuration",,yes,
PR1276,Bristol-BridgeMUCounter-NWA-BG,Bristol,BridgeMUCounter,bridgemucounter,Natural White Ash,1,shopify,Bristol84inchbathroomvanitynaturalwhiteash.jpg,https://cdn.shopify.com/s/files/1/1138/0326/files/Bristol84inchbathroomvanitynaturalwhiteash.jpg,bathroom-vanities-outlet/er-vanities/vanity-bridge-counter-bristol-bridgemucounter-natural-white-pr1276-1,lifestyle,"c_fill,g_auto","Bristol bridgemucounter inch bathroom vanity in Natural White Ash, styled in a modern bathroom",,yes,
PR1276,Bristol-BridgeMUCounter-NWA-BG,Bristol,BridgeMUCounter,bridgemucounter,Natural White Ash,2,shopify,Bristol84inchbathroomvanitynaturalwhiteash2.jpg,https://cdn.shopify.com/s/files/1/1138/0326/files/Bristol84inchbathroomvanitynaturalwhiteash2.jpg,bathroom-vanities-outlet/er-vanities/vanity-bridge-counter-bristol-bridgemucounter-natural-white-pr1276-2,lifestyle,"c_fill,g_auto","Bristol bridgemucounter inch bathroom vanity in Natural White Ash, styled in a modern bathroom",LOW-RES,yes,
PR1276,Bristol-BridgeMUCounter-NWA-BG,Bristol,BridgeMUCounter,bridgemucounter,Natural White Ash,3,shopify,Bristol84inchbathroomvanitynaturalwhiteash3.jpg,https://cdn.shopify.com/s/files/1/1138/0326/files/Bristol84inchbathroomvanitynaturalwhiteash3.jpg,bathroom-vanities-outlet/er-vanities/vanity-bridge-counter-bristol-bridgemucounter-natural-white-pr1276-3,product,"c_pad,b_auto","Bristol bridgemucounter inch bathroom vanity in Natural White Ash, bridge configuration",,yes,
PR1276,Bristol-BridgeMUCounter-NWA-BG,Bristol,BridgeMUCounter,bridgemucounter,Natural White Ash,4,shopify,Bristol84inchbathroomvanitynaturalwhiteash4.jpg,https://cdn.shopify.com/s/files/1/1138/0326/files/Bristol84inchbathroomvanitynaturalwhiteash4.jpg,bathroom-vanities-outlet/er-vanities/vanity-bridge-counter-bristol-bridgemucounter-natural-white-pr1276-4,product,"c_pad,b_auto","Bristol bridgemucounter inch bathroom vanity in Natural White Ash, bridge configuration",,yes,
Kensington-29.5L-DOAK-MB,Kensington-29.5L-DOAK-MB,Kensington,29.5L,30L,Desert Oak,1,shopify,Kensington_ls_Closed_f_6204ada1-ca98-4b6b-946d-41f4d663f3b3.png,https://cdn.shopify.com/s/files/1/1138/0326/files/Kensington_ls_Closed_f_6204ada1-ca98-4b6b-946d-41f4d663f3b3.png,bathroom-vanities-outlet/er-vanities/bathroom-vanity-kensington-30l-desert-oak-1,product,"c_pad,b_auto","Kensington 30 inch left drawers bathroom vanity in Desert Oak, studio render",,yes,
Kensington-29.5L-DOAK-MB,Kensington-29.5L-DOAK-MB,Kensington,29.5L,30L,Desert Oak,2,shopify,Kensington_Solo_Closed_f_054220c9-ffe6-4b1c-a8a3-d61005bcb09f.png,https://cdn.shopify.com/s/files/1/1138/0326/files/Kensington_Solo_Closed_f_054220c9-ffe6-4b1c-a8a3-d61005bcb09f.png,bathroom-vanities-outlet/er-vanities/bathroom-vanity-kensington-30l-desert-oak-2,product,"c_pad,b_auto","Kensington 30 inch left drawers bathroom vanity in Desert Oak, studio render",,yes,
Kensington-29.5L-DOAK-MB,Kensington-29.5L-DOAK-MB,Kensington,29.5L,30L,Desert Oak,3,shopify,Kensington_Solo_Closed1_5a7f00a4-61cd-4bfa-9d76-c88b559fad9d.png,https://cdn.shopify.com/s/files/1/1138/0326/files/Kensington_Solo_Closed1_5a7f00a4-61cd-4bfa-9d76-c88b559fad9d.png,bathroom-vanities-outlet/er-vanities/bathroom-vanity-kensington-30l-desert-oak-3,product,"c_pad,b_auto","Kensington 30 inch left drawers bathroom vanity in Desert Oak, studio render",,yes,
Kensington-29.5L-DOAK-MB,Kensington-29.5L-DOAK-MB,Kensington,29.5L,30L,Desert Oak,4,shopify,Kensington_Solo_Open1_eeaaf74c-b302-43b3-9cf9-8962864b4048.png,https://cdn.shopify.com/s/files/1/1138/0326/files/Kensington_Solo_Open1_eeaaf74c-b302-43b3-9cf9-8962864b4048.png,bathroom-vanities-outlet/er-vanities/bathroom-vanity-kensington-30l-desert-oak-4,product,"c_pad,b_auto","Kensington 30 inch left drawers bathroom vanity in Desert Oak, studio render",,yes,
PR0974,Kensington-29.5L-NVBLU-BG,Kensington,29.5L,30L,Navy Blue,1,shopify,Atlanta_Ls_Closed_f_94e15727-02e4-47fc-ac2b-d6b3e7a57c84.png,https://cdn.shopify.com/s/files/1/1138/0326/files/Atlanta_Ls_Closed_f_94e15727-02e4-47fc-ac2b-d6b3e7a57c84.png,bathroom-vanities-outlet/er-vanities/bathroom-vanity-kensington-30l-navy-blue-pr0974-1,product,"c_pad,b_auto","Kensington 30 inch left drawers bathroom vanity in Navy Blue, studio render",,yes,
PR0974,Kensington-29.5L-NVBLU-BG,Kensington,29.5L,30L,Navy Blue,2,shopify,Atlanta_Solo_Closed_4343fad4-44a3-4c9e-977a-86dbd909e0eb.png,https://cdn.shopify.com/s/files/1/1138/0326/files/Atlanta_Solo_Closed_4343fad4-44a3-4c9e-977a-86dbd909e0eb.png,bathroom-vanities-outlet/er-vanities/bathroom-vanity-kensington-30l-navy-blue-pr0974-2,product,"c_pad,b_auto","Kensington 30 inch left drawers bathroom vanity in Navy Blue, studio render",,yes,
PR0974,Kensington-29.5L-NVBLU-BG,Kensington,29.5L,30L,Navy Blue,3,shopify,Atlanta_Solo_Open_a0dda90f-1a8e-4096-baf5-cbcbe0da280d.png,https://cdn.shopify.com/s/files/1/1138/0326/files/Atlanta_Solo_Open_a0dda90f-1a8e-4096-baf5-cbcbe0da280d.png,bathroom-vanities-outlet/er-vanities/bathroom-vanity-kensington-30l-navy-blue-pr0974-3,product,"c_pad,b_auto","Kensington 30 inch left drawers bathroom vanity in Navy Blue, studio render",,yes,
PR0972,Kensington-29.5L-WH-BN,Kensington,29.5L,30L,Bright White,1,shopify,Kensington-30R-WH1_d08784fe-9045-4351-abc1-4fedbbd8a7e6.jpg,https://cdn.shopify.com/s/files/1/1138/0326/files/Kensington-30R-WH1_d08784fe-9045-4351-abc1-4fedbbd8a7e6.jpg,bathroom-vanities-outlet/er-vanities/shared-kensington-bright-white-1,product,"c_pad,b_auto","Kensington 30 inch left drawers bathroom vanity in Bright White, product view",LOW-RES,yes,2
PR0972,Kensington-29.5L-WH-BN,Kensington,29.5L,30L,Bright White,2,shopify,Kensington-30R-WH2_59084a8f-e821-40b8-97e4-9d0b6ce446b6.jpg,https://cdn.shopify.com/s/files/1/1138/0326/files/Kensington-30R-WH2_59084a8f-e821-40b8-97e4-9d0b6ce446b6.jpg,bathroom-vanities-outlet/er-vanities/shared-kensington-bright-white-2,product,"c_pad,b_auto","Kensington 30 inch left drawers bathroom vanity in Bright White, product view",,yes,2
PR0972,Kensington-29.5L-WH-BN,Kensington,29.5L,30L,Bright White,3,shopify,Kensington-30R-WH_7b1b026e-6e4f-4867-875b-39c6f52ca61a.jpg,https://cdn.shopify.com/s/files/1/1138/0326/files/Kensington-30R-WH_7b1b026e-6e4f-4867-875b-39c6f52ca61a.jpg,bathroom-vanities-outlet/er-vanities/shared-kensington-bright-white-3,product,"c_pad,b_auto","Kensington 30 inch left drawers bathroom vanity in Bright White, product view",,yes,2
PR0972,Kensington-29.5L-WH-BN,Kensington,29.5L,30L,Bright White,4,shopify,Renovate-for-Less-Outlet-Kensington-36-in-Solid-Wood-Vanity-in-Bright-White---Cabinet-Only-Ethan-Roth-1657849493_3e233d1b-1bd0-4143-b119-45030e1dc1e4.jpg,https://cdn.shopify.com/s/files/1/1138/0326/files/Renovate-for-Less-Outlet-Kensington-36-in-Solid-Wood-Vanity-in-Bright-White---Cabinet-Only-Ethan-Roth-1657849493_3e233d1b-1bd0-4143-b119-45030e1dc1e4.jpg,bathroom-vanities-outlet/er-vanities/shared-kensington-bright-white-4,product,"c_pad,b_auto","Kensington 30 inch left drawers bathroom vanity in Bright White, catalogue photo",,yes,2
PR0972,Kensington-29.5L-WH-BN,Kensington,29.5L,30L,Bright White,5,shopify,20260309_160550.jpg,https://cdn.shopify.com/s/files/1/1138/0326/files/20260309_160550.jpg,bathroom-vanities-outlet/er-vanities/shared-kensington-bright-white-5,REVIEW,"c_pad,b_auto","Kensington 30 inch left drawers bathroom vanity in Bright White, showroom photograph",,yes,14
Kensington-29.5R-DOAK-MB,Kensington-29.5R-DOAK-MB,Kensington,29.5R,30R,Desert Oak,1,shopify,Kensington_Solo_Front_a02e304f-1923-458c-a0dd-075b94302f18.png,https://cdn.shopify.com/s/files/1/1138/0326/files/Kensington_Solo_Front_a02e304f-1923-458c-a0dd-075b94302f18.png,bathroom-vanities-outlet/er-vanities/bathroom-vanity-kensington-30r-desert-oak-1,product,"c_pad,b_auto","Kensington 30 inch right drawers bathroom vanity in Desert Oak, studio render",,yes,
Kensington-29.5R-DOAK-MB,Kensington-29.5R-DOAK-MB,Kensington,29.5R,30R,Desert Oak,2,shopify,Kensington_Ls_Front_5b054175-2e04-4b82-a1d9-f608369ded93.png,https://cdn.shopify.com/s/files/1/1138/0326/files/Kensington_Ls_Front_5b054175-2e04-4b82-a1d9-f608369ded93.png,bathroom-vanities-outlet/er-vanities/bathroom-vanity-kensington-30r-desert-oak-2,product,"c_pad,b_auto","Kensington 30 inch right drawers bathroom vanity in Desert Oak, studio render",,yes,
Kensington-29.5R-DOAK-MB,Kensington-29.5R-DOAK-MB,Kensington,29.5R,30R,Desert Oak,3,shopify,Kensington_Solo_Closed_0910893f-1dc1-4708-8408-92c567b8a9f9.png,https://cdn.shopify.com/s/files/1/1138/0326/files/Kensington_Solo_Closed_0910893f-1dc1-4708-8408-92c567b8a9f9.png,bathroom-vanities-outlet/er-vanities/bathroom-vanity-kensington-30r-desert-oak-3,product,"c_pad,b_auto","Kensington 30 inch right drawers bathroom vanity in Desert Oak, studio render",,yes,
Kensington-29.5R-DOAK-MB,Kensington-29.5R-DOAK-MB,Kensington,29.5R,30R,Desert Oak,4,shopify,Kensington_Solo_Open_817dda35-fcab-492e-a827-81f6ae0f5d97.png,https://cdn.shopify.com/s/files/1/1138/0326/files/Kensington_Solo_Open_817dda35-fcab-492e-a827-81f6ae0f5d97.png,bathroom-vanities-outlet/er-vanities/bathroom-vanity-kensington-30r-desert-oak-4,product,"c_pad,b_auto","Kensington 30 inch right drawers bathroom vanity in Desert Oak, studio render",,yes,
PR0971,Kensington-29.5R-NVBLU-BG,Kensington,29.5R,30R,Navy Blue,1,shopify,Atlanta_Solo_Open_2ee98e8e-dffb-4ba1-b844-61b6055ac24b.png,https://cdn.shopify.com/s/files/1/1138/0326/files/Atlanta_Solo_Open_2ee98e8e-dffb-4ba1-b844-61b6055ac24b.png,bathroom-vanities-outlet/er-vanities/bathroom-vanity-kensington-30r-navy-blue-pr0971-1,product,"c_pad,b_auto","Kensington 30 inch right drawers bathroom vanity in Navy Blue, studio render",,yes,
PR0971,Kensington-29.5R-NVBLU-BG,Kensington,29.5R,30R,Navy Blue,2,shopify,Atlanta_Solo_Closed_641ff142-92b9-4b92-b9d0-7f34c9d55d98.png,https://cdn.shopify.com/s/files/1/1138/0326/files/Atlanta_Solo_Closed_641ff142-92b9-4b92-b9d0-7f34c9d55d98.png,bathroom-vanities-outlet/er-vanities/bathroom-vanity-kensington-30r-navy-blue-pr0971-2,product,"c_pad,b_auto","Kensington 30 inch right drawers bathroom vanity in Navy Blue, studio render",,yes,
PR0971,Kensington-29.5R-NVBLU-BG,Kensington,29.5R,30R,Navy Blue,3,shopify,Atlanta_Ls_Closed_f_5adf2a6e-f938-4725-b0b3-f486c49dc7ab.png,https://cdn.shopify.com/s/files/1/1138/0326/files/Atlanta_Ls_Closed_f_5adf2a6e-f938-4725-b0b3-f486c49dc7ab.png,bathroom-vanities-outlet/er-vanities/bathroom-vanity-kensington-30r-navy-blue-pr0971-3,product,"c_pad,b_auto","Kensington 30 inch right drawers bathroom vanity in Navy Blue, studio render",,yes,
PR0969,Kensington-29.5R-WH-BN,Kensington,29.5R,30R,Bright White,1,shopify,Kensington-30R-WH1_d08784fe-9045-4351-abc1-4fedbbd8a7e6.jpg,https://cdn.shopify.com/s/files/1/1138/0326/files/Kensington-30R-WH1_d08784fe-9045-4351-abc1-4fedbbd8a7e6.jpg,bathroom-vanities-outlet/er-vanities/shared-kensington-bright-white-1,product,"c_pad,b_auto","Kensington 30 inch right drawers bathroom vanity in Bright White, product view",LOW-RES,reference,2
PR0969,Kensington-29.5R-WH-BN,Kensington,29.5R,30R,Bright White,2,shopify,Kensington-30R-WH2_59084a8f-e821-40b8-97e4-9d0b6ce446b6.jpg,https://cdn.shopify.com/s/files/1/1138/0326/files/Kensington-30R-WH2_59084a8f-e821-40b8-97e4-9d0b6ce446b6.jpg,bathroom-vanities-outlet/er-vanities/shared-kensington-bright-white-2,product,"c_pad,b_auto","Kensington 30 inch right drawers bathroom vanity in Bright White, product view",,reference,2
PR0969,Kensington-29.5R-WH-BN,Kensington,29.5R,30R,Bright White,3,shopify,Kensington-30R-WH_7b1b026e-6e4f-4867-875b-39c6f52ca61a.jpg,https://cdn.shopify.com/s/files/1/1138/0326/files/Kensington-30R-WH_7b1b026e-6e4f-4867-875b-39c6f52ca61a.jpg,bathroom-vanities-outlet/er-vanities/shared-kensington-bright-white-3,product,"c_pad,b_auto","Kensington 30 inch right drawers bathroom vanity in Bright White, product view",,reference,2
PR0969,Kensington-29.5R-WH-BN,Kensington,29.5R,30R,Bright White,4,shopify,Renovate-for-Less-Outlet-Kensington-36-in-Solid-Wood-Vanity-in-Bright-White---Cabinet-Only-Ethan-Roth-1657849493_3e233d1b-1bd0-4143-b119-45030e1dc1e4.jpg,https://cdn.shopify.com/s/files/1/1138/0326/files/Renovate-for-Less-Outlet-Kensington-36-in-Solid-Wood-Vanity-in-Bright-White---Cabinet-Only-Ethan-Roth-1657849493_3e233d1b-1bd0-4143-b119-45030e1dc1e4.jpg,bathroom-vanities-outlet/er-vanities/shared-kensington-bright-white-4,product,"c_pad,b_auto","Kensington 30 inch right drawers bathroom vanity in Bright White, catalogue photo",,reference,2
PR0969,Kensington-29.5R-WH-BN,Kensington,29.5R,30R,Bright White,5,shopify,20260309_160550.jpg,https://cdn.shopify.com/s/files/1/1138/0326/files/20260309_160550.jpg,bathroom-vanities-outlet/er-vanities/shared-kensington-bright-white-5,REVIEW,"c_pad,b_auto","Kensington 30 inch right drawers bathroom vanity in Bright White, showroom photograph",,reference,14
Kensington-35.5L-DOAK-MB,Kensington-35.5L-DOAK-MB,Kensington,35.5L,36L,Desert Oak,1,shopify,Kensington_Solo_front_33f785a9-a928-4f3a-b739-aa2c2871fa41.png,https://cdn.shopify.com/s/files/1/1138/0326/files/Kensington_Solo_front_33f785a9-a928-4f3a-b739-aa2c2871fa41.png,bathroom-vanities-outlet/er-vanities/bathroom-vanity-kensington-36l-desert-oak-1,product,"c_pad,b_auto","Kensington 36 inch left drawers bathroom vanity in Desert Oak, studio render",,yes,
Kensington-35.5L-DOAK-MB,Kensington-35.5L-DOAK-MB,Kensington,35.5L,36L,Desert Oak,2,shopify,Kensington_Solo_Closed_34fa01e5-2a57-4cae-b4c6-81dead4c4725.png,https://cdn.shopify.com/s/files/1/1138/0326/files/Kensington_Solo_Closed_34fa01e5-2a57-4cae-b4c6-81dead4c4725.png,bathroom-vanities-outlet/er-vanities/bathroom-vanity-kensington-36l-desert-oak-2,product,"c_pad,b_auto","Kensington 36 inch left drawers bathroom vanity in Desert Oak, studio render",,yes,
Kensington-35.5L-DOAK-MB,Kensington-35.5L-DOAK-MB,Kensington,35.5L,36L,Desert Oak,3,shopify,Kensington_Solo_Open_53675032-dc97-405d-8bec-d135c4685fc4.png,https://cdn.shopify.com/s/files/1/1138/0326/files/Kensington_Solo_Open_53675032-dc97-405d-8bec-d135c4685fc4.png,bathroom-vanities-outlet/er-vanities/bathroom-vanity-kensington-36l-desert-oak-3,product,"c_pad,b_auto","Kensington 36 inch left drawers bathroom vanity in Desert Oak, studio render",,yes,
Kensington-35.5L-DOAK-MB,Kensington-35.5L-DOAK-MB,Kensington,35.5L,36L,Desert Oak,4,shopify,Kensington_ls_Closed_f_217d9b60-258d-4803-8fa0-846e74da9131.png,https://cdn.shopify.com/s/files/1/1138/0326/files/Kensington_ls_Closed_f_217d9b60-258d-4803-8fa0-846e74da9131.png,bathroom-vanities-outlet/er-vanities/bathroom-vanity-kensington-36l-desert-oak-4,product,"c_pad,b_auto","Kensington 36 inch left drawers bathroom vanity in Desert Oak, studio render",,yes,
PR0979,Kensington-35.5L-MGR-BN,Kensington,35.5L,36L,Metal Gray,1,shopify,Kensington-36L-GR1.jpg,https://cdn.shopify.com/s/files/1/1138/0326/files/Kensington-36L-GR1.jpg,bathroom-vanities-outlet/er-vanities/bathroom-vanity-kensington-36l-metal-gray-pr0979-1,product,"c_pad,b_auto","Kensington 36 inch left drawers bathroom vanity in Metal Gray, product view",,yes,
PR0979,Kensington-35.5L-MGR-BN,Kensington,35.5L,36L,Metal Gray,2,shopify,Kensington_Gray_36__Front_View.png,https://cdn.shopify.com/s/files/1/1138/0326/files/Kensington_Gray_36__Front_View.png,bathroom-vanities-outlet/er-vanities/bathroom-vanity-kensington-36l-metal-gray-pr0979-2,product,"c_pad,b_auto","Kensington 36 inch left drawers bathroom vanity in Metal Gray, render view",,yes,
PR0979,Kensington-35.5L-MGR-BN,Kensington,35.5L,36L,Metal Gray,3,shopify,Kensington_Gray_36__Top_Down.png,https://cdn.shopify.com/s/files/1/1138/0326/files/Kensington_Gray_36__Top_Down.png,bathroom-vanities-outlet/er-vanities/bathroom-vanity-kensington-36l-metal-gray-pr0979-3,product,"c_pad,b_auto","Kensington 36 inch left drawers bathroom vanity in Metal Gray, render view",,yes,
PR0979,Kensington-35.5L-MGR-BN,Kensington,35.5L,36L,Metal Gray,4,shopify,Kensington-36L-GR2.jpg,https://cdn.shopify.com/s/files/1/1138/0326/files/Kensington-36L-GR2.jpg,bathroom-vanities-outlet/er-vanities/bathroom-vanity-kensington-36l-metal-gray-pr0979-4,product,"c_pad,b_auto","Kensington 36 inch left drawers bathroom vanity in Metal Gray, product view",,yes,
PR0979,Kensington-35.5L-MGR-BN,Kensington,35.5L,36L,Metal Gray,5,shopify,Renovate-for-Less-Outlet-Kensington-36-in-Solid-Wood-Vanity-in-Metal-Gray---Cabinet-Only-Ethan-Roth-1657849476_7819142a-7fde-4605-8f72-03b70013b3d5.jpg,https://cdn.shopify.com/s/files/1/1138/0326/files/Renovate-for-Less-Outlet-Kensington-36-in-Solid-Wood-Vanity-in-Metal-Gray---Cabinet-Only-Ethan-Roth-1657849476_7819142a-7fde-4605-8f72-03b70013b3d5.jpg,bathroom-vanities-outlet/er-vanities/bathroom-vanity-kensington-36l-metal-gray-pr0979-5,product,"c_pad,b_auto","Kensington 36 inch left drawers bathroom vanity in Metal Gray, catalogue photo",,yes,
PR0979,Kensington-35.5L-MGR-BN,Kensington,35.5L,36L,Metal Gray,6,shopify,20260309_160550.jpg,https://cdn.shopify.com/s/files/1/1138/0326/files/20260309_160550.jpg,bathroom-vanities-outlet/er-vanities/shared-kensington-bright-white-5,REVIEW,"c_pad,b_auto","Kensington 36 inch left drawers bathroom vanity in Metal Gray, showroom photograph",,reference,14
PR0980,Kensington-35.5L-NVBLU-BG,Kensington,35.5L,36L,Navy Blue,1,shopify,Atlanta_Solo_Open_4c122acd-c730-480f-9391-57a862bd4e2e.png,https://cdn.shopify.com/s/files/1/1138/0326/files/Atlanta_Solo_Open_4c122acd-c730-480f-9391-57a862bd4e2e.png,bathroom-vanities-outlet/er-vanities/bathroom-vanity-kensington-36l-navy-blue-pr0980-1,product,"c_pad,b_auto","Kensington 36 inch left drawers bathroom vanity in Navy Blue, studio render",,yes,
PR0980,Kensington-35.5L-NVBLU-BG,Kensington,35.5L,36L,Navy Blue,2,shopify,Atlanta_Solo_Closed_be9ea2e6-4ba1-4219-adb2-2092de587eff.png,https://cdn.shopify.com/s/files/1/1138/0326/files/Atlanta_Solo_Closed_be9ea2e6-4ba1-4219-adb2-2092de587eff.png,bathroom-vanities-outlet/er-vanities/bathroom-vanity-kensington-36l-navy-blue-pr0980-2,product,"c_pad,b_auto","Kensington 36 inch left drawers bathroom vanity in Navy Blue, studio render",,yes,
PR0980,Kensington-35.5L-NVBLU-BG,Kensington,35.5L,36L,Navy Blue,3,shopify,Atlanta_Ls_Closed_f_60d6f6d6-2f00-40f6-96ea-8b32d24d4730.png,https://cdn.shopify.com/s/files/1/1138/0326/files/Atlanta_Ls_Closed_f_60d6f6d6-2f00-40f6-96ea-8b32d24d4730.png,bathroom-vanities-outlet/er-vanities/bathroom-vanity-kensington-36l-navy-blue-pr0980-3,product,"c_pad,b_auto","Kensington 36 inch left drawers bathroom vanity in Navy Blue, studio render",,yes,
PR0978,Kensington-35.5L-WH-BN,Kensington,35.5L,36L,Bright White,1,shopify,Kensington-36L-WH1.jpg,https://cdn.shopify.com/s/files/1/1138/0326/files/Kensington-36L-WH1.jpg,bathroom-vanities-outlet/er-vanities/bathroom-vanity-kensington-36l-bright-white-pr0978-1,product,"c_pad,b_auto","Kensington 36 inch left drawers bathroom vanity in Bright White, product view",,yes,
PR0978,Kensington-35.5L-WH-BN,Kensington,35.5L,36L,Bright White,2,shopify,Kensington-36L-WH2.jpg,https://cdn.shopify.com/s/files/1/1138/0326/files/Kensington-36L-WH2.jpg,bathroom-vanities-outlet/er-vanities/bathroom-vanity-kensington-36l-bright-white-pr0978-2,product,"c_pad,b_auto","Kensington 36 inch left drawers bathroom vanity in Bright White, product view",,yes,
PR0978,Kensington-35.5L-WH-BN,Kensington,35.5L,36L,Bright White,3,shopify,Kensington-36L-WH.jpg,https://cdn.shopify.com/s/files/1/1138/0326/files/Kensington-36L-WH.jpg,bathroom-vanities-outlet/er-vanities/bathroom-vanity-kensington-36l-bright-white-pr0978-3,product,"c_pad,b_auto","Kensington 36 inch left drawers bathroom vanity in Bright White, product view",,yes,
PR0978,Kensington-35.5L-WH-BN,Kensington,35.5L,36L,Bright White,4,shopify,Renovate-for-Less-Outlet-Kensington-36-in-Solid-Wood-Vanity-in-Bright-White---Cabinet-Only-Ethan-Roth-1657849493_5f0b407b-0c7d-49a5-ab81-d5c4ac5101f0.jpg,https://cdn.shopify.com/s/files/1/1138/0326/files/Renovate-for-Less-Outlet-Kensington-36-in-Solid-Wood-Vanity-in-Bright-White---Cabinet-Only-Ethan-Roth-1657849493_5f0b407b-0c7d-49a5-ab81-d5c4ac5101f0.jpg,bathroom-vanities-outlet/er-vanities/bathroom-vanity-kensington-36l-bright-white-pr0978-4,product,"c_pad,b_auto","Kensington 36 inch left drawers bathroom vanity in Bright White, catalogue photo",,yes,
PR0978,Kensington-35.5L-WH-BN,Kensington,35.5L,36L,Bright White,5,shopify,IMG_3286.jpg,https://cdn.shopify.com/s/files/1/1138/0326/files/IMG_3286.jpg,bathroom-vanities-outlet/er-vanities/bathroom-vanity-kensington-36l-bright-white-pr0978-5,REVIEW,"c_pad,b_auto","Kensington 36 inch left drawers bathroom vanity in Bright White, showroom photograph",,yes,
PR0978,Kensington-35.5L-WH-BN,Kensington,35.5L,36L,Bright White,6,shopify,20260309_160550.jpg,https://cdn.shopify.com/s/files/1/1138/0326/files/20260309_160550.jpg,bathroom-vanities-outlet/er-vanities/shared-kensington-bright-white-5,REVIEW,"c_pad,b_auto","Kensington 36 inch left drawers bathroom vanity in Bright White, showroom photograph",,reference,14
Kensington-35.5R-DOAK-MB,Kensington-35.5R-DOAK-MB,Kensington,35.5R,36R,Desert Oak,1,shopify,Kensington_Solo_front_99ff23b8-f879-4d5a-9a64-81447f326f09.png,https://cdn.shopify.com/s/files/1/1138/0326/files/Kensington_Solo_front_99ff23b8-f879-4d5a-9a64-81447f326f09.png,bathroom-vanities-outlet/er-vanities/bathroom-vanity-kensington-36r-desert-oak-1,product,"c_pad,b_auto","Kensington 36 inch right drawers bathroom vanity in Desert Oak, studio render",,yes,
Kensington-35.5R-DOAK-MB,Kensington-35.5R-DOAK-MB,Kensington,35.5R,36R,Desert Oak,2,shopify,Kensington_Solo_Open_f8f5628b-e4a8-42de-bfe0-ab185cae1b2d.png,https://cdn.shopify.com/s/files/1/1138/0326/files/Kensington_Solo_Open_f8f5628b-e4a8-42de-bfe0-ab185cae1b2d.png,bathroom-vanities-outlet/er-vanities/bathroom-vanity-kensington-36r-desert-oak-2,product,"c_pad,b_auto","Kensington 36 inch right drawers bathroom vanity in Desert Oak, studio render",,yes,
Kensington-35.5R-DOAK-MB,Kensington-35.5R-DOAK-MB,Kensington,35.5R,36R,Desert Oak,3,shopify,Kensington_Solo_Closed_08b00877-5471-48db-8a0c-8a1f2b056af4.png,https://cdn.shopify.com/s/files/1/1138/0326/files/Kensington_Solo_Closed_08b00877-5471-48db-8a0c-8a1f2b056af4.png,bathroom-vanities-outlet/er-vanities/bathroom-vanity-kensington-36r-desert-oak-3,product,"c_pad,b_auto","Kensington 36 inch right drawers bathroom vanity in Desert Oak, studio render",,yes,
Kensington-35.5R-DOAK-MB,Kensington-35.5R-DOAK-MB,Kensington,35.5R,36R,Desert Oak,4,shopify,Kensington_ls_Closed_f_9d3a92f7-2a46-4f3e-bcd4-b1fe2d19d62a.png,https://cdn.shopify.com/s/files/1/1138/0326/files/Kensington_ls_Closed_f_9d3a92f7-2a46-4f3e-bcd4-b1fe2d19d62a.png,bathroom-vanities-outlet/er-vanities/bathroom-vanity-kensington-36r-desert-oak-4,product,"c_pad,b_auto","Kensington 36 inch right drawers bathroom vanity in Desert Oak, studio render",,yes,
PR0976,Kensington-35.5R-MGR-BN,Kensington,35.5R,36R,Metal Gray,1,shopify,Kensington-36R-GR1_651ec94c-f421-488a-b8f5-a09e51567444.jpg,https://cdn.shopify.com/s/files/1/1138/0326/files/Kensington-36R-GR1_651ec94c-f421-488a-b8f5-a09e51567444.jpg,bathroom-vanities-outlet/er-vanities/bathroom-vanity-kensington-36r-metal-gray-pr0976-1,product,"c_pad,b_auto","Kensington 36 inch right drawers bathroom vanity in Metal Gray, product view",,yes,
PR0976,Kensington-35.5R-MGR-BN,Kensington,35.5R,36R,Metal Gray,2,shopify,Kensington-36R-GR2_70287270-1268-4abf-b9fe-92faad8a230c.jpg,https://cdn.shopify.com/s/files/1/1138/0326/files/Kensington-36R-GR2_70287270-1268-4abf-b9fe-92faad8a230c.jpg,bathroom-vanities-outlet/er-vanities/bathroom-vanity-kensington-36r-metal-gray-pr0976-2,product,"c_pad,b_auto","Kensington 36 inch right drawers bathroom vanity in Metal Gray, product view",,yes,
PR0976,Kensington-35.5R-MGR-BN,Kensington,35.5R,36R,Metal Gray,3,shopify,Kensington-36R-GR_05941546-e736-4161-a682-98a4bd372f22.jpg,https://cdn.shopify.com/s/files/1/1138/0326/files/Kensington-36R-GR_05941546-e736-4161-a682-98a4bd372f22.jpg,bathroom-vanities-outlet/er-vanities/bathroom-vanity-kensington-36r-metal-gray-pr0976-3,product,"c_pad,b_auto","Kensington 36 inch right drawers bathroom vanity in Metal Gray, product view",,yes,
PR0976,Kensington-35.5R-MGR-BN,Kensington,35.5R,36R,Metal Gray,4,shopify,Renovate-for-Less-Outlet-Kensington-36-in-Solid-Wood-Vanity-in-Metal-Gray---Cabinet-Only-Ethan-Roth-1657849476_cd3b1b07-1e5a-46b2-bb60-dae2a89fad4c.jpg,https://cdn.shopify.com/s/files/1/1138/0326/files/Renovate-for-Less-Outlet-Kensington-36-in-Solid-Wood-Vanity-in-Metal-Gray---Cabinet-Only-Ethan-Roth-1657849476_cd3b1b07-1e5a-46b2-bb60-dae2a89fad4c.jpg,bathroom-vanities-outlet/er-vanities/bathroom-vanity-kensington-36r-metal-gray-pr0976-4,product,"c_pad,b_auto","Kensington 36 inch right drawers bathroom vanity in Metal Gray, catalogue photo",,yes,
PR0977,Kensington-35.5R-NVBLU-BG,Kensington,35.5R,36R,Navy Blue,1,shopify,Kensington_Blue_36__Front_View.png,https://cdn.shopify.com/s/files/1/1138/0326/files/Kensington_Blue_36__Front_View.png,bathroom-vanities-outlet/er-vanities/bathroom-vanity-kensington-36r-navy-blue-pr0977-1,product,"c_pad,b_auto","Kensington 36 inch right drawers bathroom vanity in Navy Blue, render view",,yes,
PR0977,Kensington-35.5R-NVBLU-BG,Kensington,35.5R,36R,Navy Blue,2,shopify,Kensington_Blue_36__Top_Down.png,https://cdn.shopify.com/s/files/1/1138/0326/files/Kensington_Blue_36__Top_Down.png,bathroom-vanities-outlet/er-vanities/bathroom-vanity-kensington-36r-navy-blue-pr0977-2,product,"c_pad,b_auto","Kensington 36 inch right drawers bathroom vanity in Navy Blue, render view",,yes,
PR0977,Kensington-35.5R-NVBLU-BG,Kensington,35.5R,36R,Navy Blue,3,shopify,Atlanta_Solo_Closed_1a087032-c80f-48c9-b9c3-02988efc6548.png,https://cdn.shopify.com/s/files/1/1138/0326/files/Atlanta_Solo_Closed_1a087032-c80f-48c9-b9c3-02988efc6548.png,bathroom-vanities-outlet/er-vanities/bathroom-vanity-kensington-36r-navy-blue-pr0977-3,product,"c_pad,b_auto","Kensington 36 inch right drawers bathroom vanity in Navy Blue, studio render",,yes,
PR0977,Kensington-35.5R-NVBLU-BG,Kensington,35.5R,36R,Navy Blue,4,shopify,Atlanta_Solo_Open_aafae004-a642-48b8-af51-97f1ef3d2307.png,https://cdn.shopify.com/s/files/1/1138/0326/files/Atlanta_Solo_Open_aafae004-a642-48b8-af51-97f1ef3d2307.png,bathroom-vanities-outlet/er-vanities/bathroom-vanity-kensington-36r-navy-blue-pr0977-4,product,"c_pad,b_auto","Kensington 36 inch right drawers bathroom vanity in Navy Blue, studio render",,yes,
PR0975,Kensington-35.5R-WH-BN,Kensington,35.5R,36R,Bright White,1,shopify,Kensington-36R-WH1_6fc5d399-ade9-458c-8208-dc59a438c454.jpg,https://cdn.shopify.com/s/files/1/1138/0326/files/Kensington-36R-WH1_6fc5d399-ade9-458c-8208-dc59a438c454.jpg,bathroom-vanities-outlet/er-vanities/bathroom-vanity-kensington-36r-bright-white-pr0975-1,product,"c_pad,b_auto","Kensington 36 inch right drawers bathroom vanity in Bright White, product view",LOW-RES,yes,
PR0975,Kensington-35.5R-WH-BN,Kensington,35.5R,36R,Bright White,2,shopify,Kensington_White_36__Front_View.png,https://cdn.shopify.com/s/files/1/1138/0326/files/Kensington_White_36__Front_View.png,bathroom-vanities-outlet/er-vanities/bathroom-vanity-kensington-36r-bright-white-pr0975-2,product,"c_pad,b_auto","Kensington 36 inch right drawers bathroom vanity in Bright White, render view",,yes,
PR0975,Kensington-35.5R-WH-BN,Kensington,35.5R,36R,Bright White,3,shopify,Kensington_White_36__Top_Down.png,https://cdn.shopify.com/s/files/1/1138/0326/files/Kensington_White_36__Top_Down.png,bathroom-vanities-outlet/er-vanities/bathroom-vanity-kensington-36r-bright-white-pr0975-3,product,"c_pad,b_auto","Kensington 36 inch right drawers bathroom vanity in Bright White, render view",,yes,
PR0975,Kensington-35.5R-WH-BN,Kensington,35.5R,36R,Bright White,4,shopify,Kensington-36R-WH2_e2829dde-3345-4fc3-b818-fb2af328cdfd.jpg,https://cdn.shopify.com/s/files/1/1138/0326/files/Kensington-36R-WH2_e2829dde-3345-4fc3-b818-fb2af328cdfd.jpg,bathroom-vanities-outlet/er-vanities/bathroom-vanity-kensington-36r-bright-white-pr0975-4,product,"c_pad,b_auto","Kensington 36 inch right drawers bathroom vanity in Bright White, product view",,yes,
PR0975,Kensington-35.5R-WH-BN,Kensington,35.5R,36R,Bright White,5,shopify,20260309_160550.jpg,https://cdn.shopify.com/s/files/1/1138/0326/files/20260309_160550.jpg,bathroom-vanities-outlet/er-vanities/shared-kensington-bright-white-5,REVIEW,"c_pad,b_auto","Kensington 36 inch right drawers bathroom vanity in Bright White, showroom photograph",,reference,14
Kensington-41.5-DOAK-MB,Kensington-41.5-DOAK-MB,Kensington,41.5,42,Desert Oak,1,shopify,Kensington_Solo_front_c6436bab-f86d-4ca7-bfa7-7ae290e3833a.png,https://cdn.shopify.com/s/files/1/1138/0326/files/Kensington_Solo_front_c6436bab-f86d-4ca7-bfa7-7ae290e3833a.png,bathroom-vanities-outlet/er-vanities/bathroom-vanity-kensington-42-desert-oak-1,product,"c_pad,b_auto","Kensington 42 inch bathroom vanity in Desert Oak, studio render",,yes,
Kensington-41.5-DOAK-MB,Kensington-41.5-DOAK-MB,Kensington,41.5,42,Desert Oak,2,shopify,Kensington_Doak_42__Front_View.png,https://cdn.shopify.com/s/files/1/1138/0326/files/Kensington_Doak_42__Front_View.png,bathroom-vanities-outlet/er-vanities/bathroom-vanity-kensington-42-desert-oak-2,product,"c_pad,b_auto","Kensington 42 inch bathroom vanity in Desert Oak, render view",,yes,
Kensington-41.5-DOAK-MB,Kensington-41.5-DOAK-MB,Kensington,41.5,42,Desert Oak,3,shopify,Kensington_Doak_42__Top_Down.png,https://cdn.shopify.com/s/files/1/1138/0326/files/Kensington_Doak_42__Top_Down.png,bathroom-vanities-outlet/er-vanities/bathroom-vanity-kensington-42-desert-oak-3,product,"c_pad,b_auto","Kensington 42 inch bathroom vanity in Desert Oak, render view",,yes,
Kensington-41.5-DOAK-MB,Kensington-41.5-DOAK-MB,Kensington,41.5,42,Desert Oak,4,shopify,Kensington_Doak_42__Side_View.png,https://cdn.shopify.com/s/files/1/1138/0326/files/Kensington_Doak_42__Side_View.png,bathroom-vanities-outlet/er-vanities/bathroom-vanity-kensington-42-desert-oak-4,product,"c_pad,b_auto","Kensington 42 inch bathroom vanity in Desert Oak, render view",,yes,
Kensington-41.5-DOAK-MB,Kensington-41.5-DOAK-MB,Kensington,41.5,42,Desert Oak,5,shopify,Kensington_Solo_Closed_4265fee4-1b41-4f9b-8430-6fcb393a1e8a.png,https://cdn.shopify.com/s/files/1/1138/0326/files/Kensington_Solo_Closed_4265fee4-1b41-4f9b-8430-6fcb393a1e8a.png,bathroom-vanities-outlet/er-vanities/bathroom-vanity-kensington-42-desert-oak-5,product,"c_pad,b_auto","Kensington 42 inch bathroom vanity in Desert Oak, studio render",,yes,
Kensington-41.5-DOAK-MB,Kensington-41.5-DOAK-MB,Kensington,41.5,42,Desert Oak,6,shopify,Kensington_Solo_Open_c330905d-38ac-420c-a1cd-35c04962bc87.png,https://cdn.shopify.com/s/files/1/1138/0326/files/Kensington_Solo_Open_c330905d-38ac-420c-a1cd-35c04962bc87.png,bathroom-vanities-outlet/er-vanities/bathroom-vanity-kensington-42-desert-oak-6,product,"c_pad,b_auto","Kensington 42 inch bathroom vanity in Desert Oak, studio render",,yes,
PR0982,Kensington-41.5-MGR-BN,Kensington,41.5,42,Metal Gray,1,shopify,Kensington-42-GR1.jpg,https://cdn.shopify.com/s/files/1/1138/0326/files/Kensington-42-GR1.jpg,bathroom-vanities-outlet/er-vanities/bathroom-vanity-kensington-42-metal-gray-pr0982-1,product,"c_pad,b_auto","Kensington 42 inch bathroom vanity in Metal Gray, product view",,yes,
PR0982,Kensington-41.5-MGR-BN,Kensington,41.5,42,Metal Gray,2,shopify,Kensington_Gray_42__Front_View.png,https://cdn.shopify.com/s/files/1/1138/0326/files/Kensington_Gray_42__Front_View.png,bathroom-vanities-outlet/er-vanities/bathroom-vanity-kensington-42-metal-gray-pr0982-2,product,"c_pad,b_auto","Kensington 42 inch bathroom vanity in Metal Gray, render view",,yes,
PR0982,Kensington-41.5-MGR-BN,Kensington,41.5,42,Metal Gray,3,shopify,Kensington_Gray_42__Top_Down.png,https://cdn.shopify.com/s/files/1/1138/0326/files/Kensington_Gray_42__Top_Down.png,bathroom-vanities-outlet/er-vanities/bathroom-vanity-kensington-42-metal-gray-pr0982-3,product,"c_pad,b_auto","Kensington 42 inch bathroom vanity in Metal Gray, render view",,yes,
PR0982,Kensington-41.5-MGR-BN,Kensington,41.5,42,Metal Gray,4,shopify,Kensington_Gray_42__Side_View.png,https://cdn.shopify.com/s/files/1/1138/0326/files/Kensington_Gray_42__Side_View.png,bathroom-vanities-outlet/er-vanities/bathroom-vanity-kensington-42-metal-gray-pr0982-4,product,"c_pad,b_auto","Kensington 42 inch bathroom vanity in Metal Gray, render view",,yes,
PR0982,Kensington-41.5-MGR-BN,Kensington,41.5,42,Metal Gray,5,shopify,Kensington-42-GR2.jpg,https://cdn.shopify.com/s/files/1/1138/0326/files/Kensington-42-GR2.jpg,bathroom-vanities-outlet/er-vanities/bathroom-vanity-kensington-42-metal-gray-pr0982-5,product,"c_pad,b_auto","Kensington 42 inch bathroom vanity in Metal Gray, product view",,yes,
PR0982,Kensington-41.5-MGR-BN,Kensington,41.5,42,Metal Gray,6,shopify,Renovate-for-Less-Outlet-Kensington-42-in-Solid-Wood-Vanity-in-Metal-Gray---Cabinet-Only-Ethan-Roth-1657849462_46c22498-3ea7-402b-b092-4a921edf37d9.jpg,https://cdn.shopify.com/s/files/1/1138/0326/files/Renovate-for-Less-Outlet-Kensington-42-in-Solid-Wood-Vanity-in-Metal-Gray---Cabinet-Only-Ethan-Roth-1657849462_46c22498-3ea7-402b-b092-4a921edf37d9.jpg,bathroom-vanities-outlet/er-vanities/bathroom-vanity-kensington-42-metal-gray-pr0982-6,product,"c_pad,b_auto","Kensington 42 inch bathroom vanity in Metal Gray, catalogue photo",,yes,
PR0982,Kensington-41.5-MGR-BN,Kensington,41.5,42,Metal Gray,7,shopify,Renovate-for-Less-Outlet-Kensington-42-in-Solid-Wood-Vanity-in-Metal-Gray---Cabinet-Only-Ethan-Roth-1657849465_7b7618b4-f549-4079-ae75-9dd2f879a99f.jpg,https://cdn.shopify.com/s/files/1/1138/0326/files/Renovate-for-Less-Outlet-Kensington-42-in-Solid-Wood-Vanity-in-Metal-Gray---Cabinet-Only-Ethan-Roth-1657849465_7b7618b4-f549-4079-ae75-9dd2f879a99f.jpg,bathroom-vanities-outlet/er-vanities/bathroom-vanity-kensington-42-metal-gray-pr0982-7,product,"c_pad,b_auto","Kensington 42 inch bathroom vanity in Metal Gray, catalogue photo",,yes,
PR0982,Kensington-41.5-MGR-BN,Kensington,41.5,42,Metal Gray,8,shopify,20260309_160550.jpg,https://cdn.shopify.com/s/files/1/1138/0326/files/20260309_160550.jpg,bathroom-vanities-outlet/er-vanities/shared-kensington-bright-white-5,REVIEW,"c_pad,b_auto","Kensington 42 inch bathroom vanity in Metal Gray, showroom photograph",,reference,14
PR0983,Kensington-41.5-NVBLU-BG,Kensington,41.5,42,Navy Blue,1,shopify,Atlanta_Solo_Closed_f_96060d2a-af39-43d6-9cec-0e9988a34583.png,https://cdn.shopify.com/s/files/1/1138/0326/files/Atlanta_Solo_Closed_f_96060d2a-af39-43d6-9cec-0e9988a34583.png,bathroom-vanities-outlet/er-vanities/bathroom-vanity-kensington-42-navy-blue-pr0983-1,product,"c_pad,b_auto","Kensington 42 inch bathroom vanity in Navy Blue, studio render",,yes,
PR0983,Kensington-41.5-NVBLU-BG,Kensington,41.5,42,Navy Blue,2,shopify,Kensington_Blue_42__Front_View.png,https://cdn.shopify.com/s/files/1/1138/0326/files/Kensington_Blue_42__Front_View.png,bathroom-vanities-outlet/er-vanities/bathroom-vanity-kensington-42-navy-blue-pr0983-2,product,"c_pad,b_auto","Kensington 42 inch bathroom vanity in Navy Blue, render view",,yes,
PR0983,Kensington-41.5-NVBLU-BG,Kensington,41.5,42,Navy Blue,3,shopify,Kensington_Blue_42__Top_Down.png,https://cdn.shopify.com/s/files/1/1138/0326/files/Kensington_Blue_42__Top_Down.png,bathroom-vanities-outlet/er-vanities/bathroom-vanity-kensington-42-navy-blue-pr0983-3,product,"c_pad,b_auto","Kensington 42 inch bathroom vanity in Navy Blue, render view",,yes,
PR0983,Kensington-41.5-NVBLU-BG,Kensington,41.5,42,Navy Blue,4,shopify,Kensington_Blue_42__Side_View.png,https://cdn.shopify.com/s/files/1/1138/0326/files/Kensington_Blue_42__Side_View.png,bathroom-vanities-outlet/er-vanities/bathroom-vanity-kensington-42-navy-blue-pr0983-4,product,"c_pad,b_auto","Kensington 42 inch bathroom vanity in Navy Blue, render view",,yes,
PR0983,Kensington-41.5-NVBLU-BG,Kensington,41.5,42,Navy Blue,5,shopify,Atlanta_Solo_Closed_0aa22ad6-c331-462d-870b-6fd482b490bd.png,https://cdn.shopify.com/s/files/1/1138/0326/files/Atlanta_Solo_Closed_0aa22ad6-c331-462d-870b-6fd482b490bd.png,bathroom-vanities-outlet/er-vanities/bathroom-vanity-kensington-42-navy-blue-pr0983-5,product,"c_pad,b_auto","Kensington 42 inch bathroom vanity in Navy Blue, studio render",,yes,
PR0983,Kensington-41.5-NVBLU-BG,Kensington,41.5,42,Navy Blue,6,shopify,Atlanta_Solo_Open_8d752b23-cd86-419d-8ec9-1133fd651046.png,https://cdn.shopify.com/s/files/1/1138/0326/files/Atlanta_Solo_Open_8d752b23-cd86-419d-8ec9-1133fd651046.png,bathroom-vanities-outlet/er-vanities/bathroom-vanity-kensington-42-navy-blue-pr0983-6,product,"c_pad,b_auto","Kensington 42 inch bathroom vanity in Navy Blue, studio render",,yes,
PR0981,Kensington-41.5-WH-BN,Kensington,41.5,42,Bright White,1,shopify,Kensington-42-WH1.jpg,https://cdn.shopify.com/s/files/1/1138/0326/files/Kensington-42-WH1.jpg,bathroom-vanities-outlet/er-vanities/bathroom-vanity-kensington-42-bright-white-pr0981-1,product,"c_pad,b_auto","Kensington 42 inch bathroom vanity in Bright White, product view",,yes,
PR0981,Kensington-41.5-WH-BN,Kensington,41.5,42,Bright White,2,shopify,Kensington_White_42__Front_View.png,https://cdn.shopify.com/s/files/1/1138/0326/files/Kensington_White_42__Front_View.png,bathroom-vanities-outlet/er-vanities/bathroom-vanity-kensington-42-bright-white-pr0981-2,product,"c_pad,b_auto","Kensington 42 inch bathroom vanity in Bright White, render view",,yes,
PR0981,Kensington-41.5-WH-BN,Kensington,41.5,42,Bright White,3,shopify,Kensington_White_42__Top_Down.png,https://cdn.shopify.com/s/files/1/1138/0326/files/Kensington_White_42__Top_Down.png,bathroom-vanities-outlet/er-vanities/bathroom-vanity-kensington-42-bright-white-pr0981-3,product,"c_pad,b_auto","Kensington 42 inch bathroom vanity in Bright White, render view",,yes,
PR0981,Kensington-41.5-WH-BN,Kensington,41.5,42,Bright White,4,shopify,Kensington_White_42__Side_View.png,https://cdn.shopify.com/s/files/1/1138/0326/files/Kensington_White_42__Side_View.png,bathroom-vanities-outlet/er-vanities/bathroom-vanity-kensington-42-bright-white-pr0981-4,product,"c_pad,b_auto","Kensington 42 inch bathroom vanity in Bright White, render view",,yes,
PR0981,Kensington-41.5-WH-BN,Kensington,41.5,42,Bright White,5,shopify,Kensington-42-WH2.jpg,https://cdn.shopify.com/s/files/1/1138/0326/files/Kensington-42-WH2.jpg,bathroom-vanities-outlet/er-vanities/bathroom-vanity-kensington-42-bright-white-pr0981-5,product,"c_pad,b_auto","Kensington 42 inch bathroom vanity in Bright White, product view",,yes,
PR0981,Kensington-41.5-WH-BN,Kensington,41.5,42,Bright White,6,shopify,Renovate-for-Less-Outlet-Kensington-42-in-Solid-Wood-Vanity-in-Bright-White---Cabinet-Only-Ethan-Roth-1657849449_5ada6bc3-8418-4072-98bd-03ffca5da233.jpg,https://cdn.shopify.com/s/files/1/1138/0326/files/Renovate-for-Less-Outlet-Kensington-42-in-Solid-Wood-Vanity-in-Bright-White---Cabinet-Only-Ethan-Roth-1657849449_5ada6bc3-8418-4072-98bd-03ffca5da233.jpg,bathroom-vanities-outlet/er-vanities/bathroom-vanity-kensington-42-bright-white-pr0981-6,product,"c_pad,b_auto","Kensington 42 inch bathroom vanity in Bright White, catalogue photo",,yes,
PR0981,Kensington-41.5-WH-BN,Kensington,41.5,42,Bright White,7,shopify,Renovate-for-Less-Outlet-Kensington-42-in-Solid-Wood-Vanity-in-Bright-White---Cabinet-Only-Ethan-Roth-1657849451_51801541-be6b-4c8d-8cd4-7a5b44e688c6.jpg,https://cdn.shopify.com/s/files/1/1138/0326/files/Renovate-for-Less-Outlet-Kensington-42-in-Solid-Wood-Vanity-in-Bright-White---Cabinet-Only-Ethan-Roth-1657849451_51801541-be6b-4c8d-8cd4-7a5b44e688c6.jpg,bathroom-vanities-outlet/er-vanities/bathroom-vanity-kensington-42-bright-white-pr0981-7,product,"c_pad,b_auto","Kensington 42 inch bathroom vanity in Bright White, catalogue photo",,yes,
PR0981,Kensington-41.5-WH-BN,Kensington,41.5,42,Bright White,8,shopify,20260309_160550.jpg,https://cdn.shopify.com/s/files/1/1138/0326/files/20260309_160550.jpg,bathroom-vanities-outlet/er-vanities/shared-kensington-bright-white-5,REVIEW,"c_pad,b_auto","Kensington 42 inch bathroom vanity in Bright White, showroom photograph",,reference,14
PR0986,Kensington-47.5-MGR-BN,Kensington,47.5,48,Metal Gray,1,shopify,Kensington-48-GR1.jpg,https://cdn.shopify.com/s/files/1/1138/0326/files/Kensington-48-GR1.jpg,bathroom-vanities-outlet/er-vanities/bathroom-vanity-kensington-48-metal-gray-pr0986-1,product,"c_pad,b_auto","Kensington 48 inch bathroom vanity in Metal Gray, product view",,yes,
PR0986,Kensington-47.5-MGR-BN,Kensington,47.5,48,Metal Gray,2,shopify,Kensington_Gray_48__Front_View.png,https://cdn.shopify.com/s/files/1/1138/0326/files/Kensington_Gray_48__Front_View.png,bathroom-vanities-outlet/er-vanities/bathroom-vanity-kensington-48-metal-gray-pr0986-2,product,"c_pad,b_auto","Kensington 48 inch bathroom vanity in Metal Gray, render view",,yes,
PR0986,Kensington-47.5-MGR-BN,Kensington,47.5,48,Metal Gray,3,shopify,Kensington_Gray_48__Top_Down.png,https://cdn.shopify.com/s/files/1/1138/0326/files/Kensington_Gray_48__Top_Down.png,bathroom-vanities-outlet/er-vanities/bathroom-vanity-kensington-48-metal-gray-pr0986-3,product,"c_pad,b_auto","Kensington 48 inch bathroom vanity in Metal Gray, render view",,yes,
PR0986,Kensington-47.5-MGR-BN,Kensington,47.5,48,Metal Gray,4,shopify,Kensington_Gray_48__Side_View.png,https://cdn.shopify.com/s/files/1/1138/0326/files/Kensington_Gray_48__Side_View.png,bathroom-vanities-outlet/er-vanities/bathroom-vanity-kensington-48-metal-gray-pr0986-4,product,"c_pad,b_auto","Kensington 48 inch bathroom vanity in Metal Gray, render view",,yes,
PR0986,Kensington-47.5-MGR-BN,Kensington,47.5,48,Metal Gray,5,shopify,Kensington-48-GR2.jpg,https://cdn.shopify.com/s/files/1/1138/0326/files/Kensington-48-GR2.jpg,bathroom-vanities-outlet/er-vanities/bathroom-vanity-kensington-48-metal-gray-pr0986-5,product,"c_pad,b_auto","Kensington 48 inch bathroom vanity in Metal Gray, product view",,yes,
PR0986,Kensington-47.5-MGR-BN,Kensington,47.5,48,Metal Gray,6,shopify,Renovate-for-Less-Outlet-Kensington-48-in-Solid-Wood-Vanity-in-Metal-Gray---Cabinet-Only-Ethan-Roth-1657849438_ca3cd92e-ead7-4208-89ea-cfbae6b2154f.jpg,https://cdn.shopify.com/s/files/1/1138/0326/files/Renovate-for-Less-Outlet-Kensington-48-in-Solid-Wood-Vanity-in-Metal-Gray---Cabinet-Only-Ethan-Roth-1657849438_ca3cd92e-ead7-4208-89ea-cfbae6b2154f.jpg,bathroom-vanities-outlet/er-vanities/bathroom-vanity-kensington-48-metal-gray-pr0986-6,product,"c_pad,b_auto","Kensington 48 inch bathroom vanity in Metal Gray, catalogue photo",,yes,
PR0986,Kensington-47.5-MGR-BN,Kensington,47.5,48,Metal Gray,7,shopify,Renovate-for-Less-Outlet-Kensington-48-in-Solid-Wood-Vanity-in-Metal-Gray---Cabinet-Only-Ethan-Roth-1657849435_e6ddb3cd-abdf-4d62-8eb1-7e5b989f43f3.jpg,https://cdn.shopify.com/s/files/1/1138/0326/files/Renovate-for-Less-Outlet-Kensington-48-in-Solid-Wood-Vanity-in-Metal-Gray---Cabinet-Only-Ethan-Roth-1657849435_e6ddb3cd-abdf-4d62-8eb1-7e5b989f43f3.jpg,bathroom-vanities-outlet/er-vanities/bathroom-vanity-kensington-48-metal-gray-pr0986-7,product,"c_pad,b_auto","Kensington 48 inch bathroom vanity in Metal Gray, catalogue photo",,yes,
PR0986,Kensington-47.5-MGR-BN,Kensington,47.5,48,Metal Gray,8,shopify,Renovate-for-Less-Outlet-Kensington-48-in-Solid-Wood-Vanity-in-Metal-Gray---Cabinet-Only-Ethan-Roth-1657849440_4a3c4330-7526-42d6-955c-6ed3fe9632a6.jpg,https://cdn.shopify.com/s/files/1/1138/0326/files/Renovate-for-Less-Outlet-Kensington-48-in-Solid-Wood-Vanity-in-Metal-Gray---Cabinet-Only-Ethan-Roth-1657849440_4a3c4330-7526-42d6-955c-6ed3fe9632a6.jpg,bathroom-vanities-outlet/er-vanities/bathroom-vanity-kensington-48-metal-gray-pr0986-8,product,"c_pad,b_auto","Kensington 48 inch bathroom vanity in Metal Gray, catalogue photo",,yes,
PR0985,Kensington-47.5-WH-BN,Kensington,47.5,48,Bright White,1,shopify,Kensington-48-WH1.jpg,https://cdn.shopify.com/s/files/1/1138/0326/files/Kensington-48-WH1.jpg,bathroom-vanities-outlet/er-vanities/bathroom-vanity-kensington-48-bright-white-pr0985-1,product,"c_pad,b_auto","Kensington 48 inch bathroom vanity in Bright White, product view",,yes,
PR0985,Kensington-47.5-WH-BN,Kensington,47.5,48,Bright White,2,shopify,Kensington_White_48__Front_View.png,https://cdn.shopify.com/s/files/1/1138/0326/files/Kensington_White_48__Front_View.png,bathroom-vanities-outlet/er-vanities/bathroom-vanity-kensington-48-bright-white-pr0985-2,product,"c_pad,b_auto","Kensington 48 inch bathroom vanity in Bright White, render view",,yes,
PR0985,Kensington-47.5-WH-BN,Kensington,47.5,48,Bright White,3,shopify,Kensington_White_48__Side_View.png,https://cdn.shopify.com/s/files/1/1138/0326/files/Kensington_White_48__Side_View.png,bathroom-vanities-outlet/er-vanities/bathroom-vanity-kensington-48-bright-white-pr0985-3,product,"c_pad,b_auto","Kensington 48 inch bathroom vanity in Bright White, render view",,yes,
PR0985,Kensington-47.5-WH-BN,Kensington,47.5,48,Bright White,4,shopify,Kensington-48-WH2.jpg,https://cdn.shopify.com/s/files/1/1138/0326/files/Kensington-48-WH2.jpg,bathroom-vanities-outlet/er-vanities/bathroom-vanity-kensington-48-bright-white-pr0985-4,product,"c_pad,b_auto","Kensington 48 inch bathroom vanity in Bright White, product view",,yes,
PR0985,Kensington-47.5-WH-BN,Kensington,47.5,48,Bright White,5,shopify,Kensington_White_48__Top_Down.png,https://cdn.shopify.com/s/files/1/1138/0326/files/Kensington_White_48__Top_Down.png,bathroom-vanities-outlet/er-vanities/bathroom-vanity-kensington-48-bright-white-pr0985-5,product,"c_pad,b_auto","Kensington 48 inch bathroom vanity in Bright White, render view",,yes,
PR0985,Kensington-47.5-WH-BN,Kensington,47.5,48,Bright White,6,shopify,Renovate-for-Less-Outlet-Kensington-48-in-Solid-Wood-Vanity-in-Bright-White---Cabinet-Only-Ethan-Roth-1657849422_fdc01618-8f44-4704-a60f-a8c6f76eea9a.jpg,https://cdn.shopify.com/s/files/1/1138/0326/files/Renovate-for-Less-Outlet-Kensington-48-in-Solid-Wood-Vanity-in-Bright-White---Cabinet-Only-Ethan-Roth-1657849422_fdc01618-8f44-4704-a60f-a8c6f76eea9a.jpg,bathroom-vanities-outlet/er-vanities/bathroom-vanity-kensington-48-bright-white-pr0985-6,product,"c_pad,b_auto","Kensington 48 inch bathroom vanity in Bright White, catalogue photo",,yes,
PR0985,Kensington-47.5-WH-BN,Kensington,47.5,48,Bright White,7,shopify,Renovate-for-Less-Outlet-Kensington-48-in-Solid-Wood-Vanity-in-Bright-White---Cabinet-Only-Ethan-Roth-1657849427_4bd170e9-3163-430a-9e6f-cacad1eb8385.jpg,https://cdn.shopify.com/s/files/1/1138/0326/files/Renovate-for-Less-Outlet-Kensington-48-in-Solid-Wood-Vanity-in-Bright-White---Cabinet-Only-Ethan-Roth-1657849427_4bd170e9-3163-430a-9e6f-cacad1eb8385.jpg,bathroom-vanities-outlet/er-vanities/bathroom-vanity-kensington-48-bright-white-pr0985-7,product,"c_pad,b_auto","Kensington 48 inch bathroom vanity in Bright White, catalogue photo",,yes,
PR0985,Kensington-47.5-WH-BN,Kensington,47.5,48,Bright White,8,shopify,Renovate-for-Less-Outlet-Kensington-48-in-Solid-Wood-Vanity-in-Bright-White---Cabinet-Only-Ethan-Roth-1657849424_71d62519-a441-4cb5-bd81-6335d3e0b001.jpg,https://cdn.shopify.com/s/files/1/1138/0326/files/Renovate-for-Less-Outlet-Kensington-48-in-Solid-Wood-Vanity-in-Bright-White---Cabinet-Only-Ethan-Roth-1657849424_71d62519-a441-4cb5-bd81-6335d3e0b001.jpg,bathroom-vanities-outlet/er-vanities/bathroom-vanity-kensington-48-bright-white-pr0985-8,product,"c_pad,b_auto","Kensington 48 inch bathroom vanity in Bright White, catalogue photo",,yes,
PR0985,Kensington-47.5-WH-BN,Kensington,47.5,48,Bright White,9,shopify,20260309_160550.jpg,https://cdn.shopify.com/s/files/1/1138/0326/files/20260309_160550.jpg,bathroom-vanities-outlet/er-vanities/shared-kensington-bright-white-5,REVIEW,"c_pad,b_auto","Kensington 48 inch bathroom vanity in Bright White, showroom photograph",,reference,14
PR0988,Kensington-59.5D-MGR-BN,Kensington,59.5D,60D,Metal Gray,1,shopify,Kensington-60D-GR1.jpg,https://cdn.shopify.com/s/files/1/1138/0326/files/Kensington-60D-GR1.jpg,bathroom-vanities-outlet/er-vanities/bathroom-vanity-kensington-60d-metal-gray-pr0988-1,product,"c_pad,b_auto","Kensington 60 inch double sink bathroom vanity in Metal Gray, product view",,yes,
PR0988,Kensington-59.5D-MGR-BN,Kensington,59.5D,60D,Metal Gray,2,shopify,Kensington-60D-GR2.jpg,https://cdn.shopify.com/s/files/1/1138/0326/files/Kensington-60D-GR2.jpg,bathroom-vanities-outlet/er-vanities/bathroom-vanity-kensington-60d-metal-gray-pr0988-2,product,"c_pad,b_auto","Kensington 60 inch double sink bathroom vanity in Metal Gray, product view",,yes,
PR0988,Kensington-59.5D-MGR-BN,Kensington,59.5D,60D,Metal Gray,3,shopify,Kensington-60D-GR.jpg,https://cdn.shopify.com/s/files/1/1138/0326/files/Kensington-60D-GR.jpg,bathroom-vanities-outlet/er-vanities/bathroom-vanity-kensington-60d-metal-gray-pr0988-3,product,"c_pad,b_auto","Kensington 60 inch double sink bathroom vanity in Metal Gray, product view",,yes,
PR0988,Kensington-59.5D-MGR-BN,Kensington,59.5D,60D,Metal Gray,4,shopify,Renovate-for-Less-Outlet-Kensington-60-in-Solid-Wood-Vanity-in-Metal-Gray---Cabinet-Only-Ethan-Roth-1657849397_cebe52b7-d5b1-4188-a42a-4341e7c4a9b6.jpg,https://cdn.shopify.com/s/files/1/1138/0326/files/Renovate-for-Less-Outlet-Kensington-60-in-Solid-Wood-Vanity-in-Metal-Gray---Cabinet-Only-Ethan-Roth-1657849397_cebe52b7-d5b1-4188-a42a-4341e7c4a9b6.jpg,bathroom-vanities-outlet/er-vanities/bathroom-vanity-kensington-60d-metal-gray-pr0988-4,product,"c_pad,b_auto","Kensington 60 inch double sink bathroom vanity in Metal Gray, catalogue photo",,yes,
PR0988,Kensington-59.5D-MGR-BN,Kensington,59.5D,60D,Metal Gray,5,shopify,20260309_160550.jpg,https://cdn.shopify.com/s/files/1/1138/0326/files/20260309_160550.jpg,bathroom-vanities-outlet/er-vanities/shared-kensington-bright-white-5,REVIEW,"c_pad,b_auto","Kensington 60 inch double sink bathroom vanity in Metal Gray, showroom photograph",,reference,14
PR0987,Kensington-59.5D-WH-BN,Kensington,59.5D,60D,Bright White,1,shopify,Kensington-60D-WH1.jpg,https://cdn.shopify.com/s/files/1/1138/0326/files/Kensington-60D-WH1.jpg,bathroom-vanities-outlet/er-vanities/bathroom-vanity-kensington-60d-bright-white-pr0987-1,product,"c_pad,b_auto","Kensington 60 inch double sink bathroom vanity in Bright White, product view",,yes,
PR0987,Kensington-59.5D-WH-BN,Kensington,59.5D,60D,Bright White,2,shopify,Kensington-60D-WH2.jpg,https://cdn.shopify.com/s/files/1/1138/0326/files/Kensington-60D-WH2.jpg,bathroom-vanities-outlet/er-vanities/bathroom-vanity-kensington-60d-bright-white-pr0987-2,product,"c_pad,b_auto","Kensington 60 inch double sink bathroom vanity in Bright White, product view",,yes,
PR0987,Kensington-59.5D-WH-BN,Kensington,59.5D,60D,Bright White,3,shopify,Kensington-60D-WH.jpg,https://cdn.shopify.com/s/files/1/1138/0326/files/Kensington-60D-WH.jpg,bathroom-vanities-outlet/er-vanities/bathroom-vanity-kensington-60d-bright-white-pr0987-3,product,"c_pad,b_auto","Kensington 60 inch double sink bathroom vanity in Bright White, product view",,yes,
PR0987,Kensington-59.5D-WH-BN,Kensington,59.5D,60D,Bright White,4,shopify,Renovate-for-Less-Outlet-Kensington-60-in-Solid-Wood-Vanity-in-Bright-White---Cabinet-Only-Ethan-Roth-1657849410_29c8e5c6-6564-4778-b7c7-1dd82cf0f8c9.jpg,https://cdn.shopify.com/s/files/1/1138/0326/files/Renovate-for-Less-Outlet-Kensington-60-in-Solid-Wood-Vanity-in-Bright-White---Cabinet-Only-Ethan-Roth-1657849410_29c8e5c6-6564-4778-b7c7-1dd82cf0f8c9.jpg,bathroom-vanities-outlet/er-vanities/bathroom-vanity-kensington-60d-bright-white-pr0987-4,product,"c_pad,b_auto","Kensington 60 inch double sink bathroom vanity in Bright White, catalogue photo",,yes,
PR0987,Kensington-59.5D-WH-BN,Kensington,59.5D,60D,Bright White,5,shopify,20260309_160550.jpg,https://cdn.shopify.com/s/files/1/1138/0326/files/20260309_160550.jpg,bathroom-vanities-outlet/er-vanities/shared-kensington-bright-white-5,REVIEW,"c_pad,b_auto","Kensington 60 inch double sink bathroom vanity in Bright White, showroom photograph",,reference,14
PR0990,Kensington-59.5S-MGR-BN,Kensington,59.5S,60S,Metal Gray,1,shopify,Kensington-60S-GR1_faec0e73-50ea-4154-addd-aa9988b8e600.jpg,https://cdn.shopify.com/s/files/1/1138/0326/files/Kensington-60S-GR1_faec0e73-50ea-4154-addd-aa9988b8e600.jpg,bathroom-vanities-outlet/er-vanities/bathroom-vanity-kensington-60s-metal-gray-pr0990-1,product,"c_pad,b_auto","Kensington 60 inch single sink bathroom vanity in Metal Gray, product view",,yes,
PR0990,Kensington-59.5S-MGR-BN,Kensington,59.5S,60S,Metal Gray,2,shopify,Kensington-60S-GR2_b4cadaf2-a0ac-4615-af44-efb66e2320f7.jpg,https://cdn.shopify.com/s/files/1/1138/0326/files/Kensington-60S-GR2_b4cadaf2-a0ac-4615-af44-efb66e2320f7.jpg,bathroom-vanities-outlet/er-vanities/bathroom-vanity-kensington-60s-metal-gray-pr0990-2,product,"c_pad,b_auto","Kensington 60 inch single sink bathroom vanity in Metal Gray, product view",,yes,
PR0990,Kensington-59.5S-MGR-BN,Kensington,59.5S,60S,Metal Gray,3,shopify,Kensington-60S-GR_c7ff0499-05ef-478a-9502-823db92cc44f.jpg,https://cdn.shopify.com/s/files/1/1138/0326/files/Kensington-60S-GR_c7ff0499-05ef-478a-9502-823db92cc44f.jpg,bathroom-vanities-outlet/er-vanities/bathroom-vanity-kensington-60s-metal-gray-pr0990-3,product,"c_pad,b_auto","Kensington 60 inch single sink bathroom vanity in Metal Gray, product view",,yes,
PR0990,Kensington-59.5S-MGR-BN,Kensington,59.5S,60S,Metal Gray,4,shopify,Renovate-for-Less-Outlet-Kensington-60-in-Solid-Wood-Vanity-in-Metal-Gray---Cabinet-Only-Ethan-Roth-1657849397_36c5e631-fcf0-4d9c-9cf1-bf096630f788.jpg,https://cdn.shopify.com/s/files/1/1138/0326/files/Renovate-for-Less-Outlet-Kensington-60-in-Solid-Wood-Vanity-in-Metal-Gray---Cabinet-Only-Ethan-Roth-1657849397_36c5e631-fcf0-4d9c-9cf1-bf096630f788.jpg,bathroom-vanities-outlet/er-vanities/bathroom-vanity-kensington-60s-metal-gray-pr0990-4,product,"c_pad,b_auto","Kensington 60 inch single sink bathroom vanity in Metal Gray, catalogue photo",,yes,
PR0990,Kensington-59.5S-MGR-BN,Kensington,59.5S,60S,Metal Gray,5,shopify,20260309_160550.jpg,https://cdn.shopify.com/s/files/1/1138/0326/files/20260309_160550.jpg,bathroom-vanities-outlet/er-vanities/shared-kensington-bright-white-5,REVIEW,"c_pad,b_auto","Kensington 60 inch single sink bathroom vanity in Metal Gray, showroom photograph",,reference,14
PR0989,Kensington-59S-WH-BN,Kensington,59S,59S,Bright White,1,shopify,Kensington-60S-WH1_caebccd5-f68f-486f-99ef-24c4fb298fbb.jpg,https://cdn.shopify.com/s/files/1/1138/0326/files/Kensington-60S-WH1_caebccd5-f68f-486f-99ef-24c4fb298fbb.jpg,bathroom-vanities-outlet/er-vanities/bathroom-vanity-kensington-59s-bright-white-pr0989-1,product,"c_pad,b_auto","Kensington 59 inch single sink bathroom vanity in Bright White, product view",,yes,
PR0989,Kensington-59S-WH-BN,Kensington,59S,59S,Bright White,2,shopify,Kensington-60S-WH2_25935072-6fd1-4238-a19f-f05cb20c71c7.jpg,https://cdn.shopify.com/s/files/1/1138/0326/files/Kensington-60S-WH2_25935072-6fd1-4238-a19f-f05cb20c71c7.jpg,bathroom-vanities-outlet/er-vanities/bathroom-vanity-kensington-59s-bright-white-pr0989-2,product,"c_pad,b_auto","Kensington 59 inch single sink bathroom vanity in Bright White, product view",,yes,
PR0989,Kensington-59S-WH-BN,Kensington,59S,59S,Bright White,3,shopify,Kensington-60S-WH_8885c0d9-3823-4a86-9809-c9acc8773f3a.jpg,https://cdn.shopify.com/s/files/1/1138/0326/files/Kensington-60S-WH_8885c0d9-3823-4a86-9809-c9acc8773f3a.jpg,bathroom-vanities-outlet/er-vanities/bathroom-vanity-kensington-59s-bright-white-pr0989-3,product,"c_pad,b_auto","Kensington 59 inch single sink bathroom vanity in Bright White, product view",,yes,
PR0989,Kensington-59S-WH-BN,Kensington,59S,59S,Bright White,4,shopify,20260309_160550.jpg,https://cdn.shopify.com/s/files/1/1138/0326/files/20260309_160550.jpg,bathroom-vanities-outlet/er-vanities/shared-kensington-bright-white-5,REVIEW,"c_pad,b_auto","Kensington 59 inch single sink bathroom vanity in Bright White, showroom photograph",,reference,14
PR0992,Kensington-71.5-MGR-BN,Kensington,71.5,72,Metal Gray,1,shopify,Kensington-72-GR1.jpg,https://cdn.shopify.com/s/files/1/1138/0326/files/Kensington-72-GR1.jpg,bathroom-vanities-outlet/er-vanities/bathroom-vanity-kensington-72-metal-gray-pr0992-1,product,"c_pad,b_auto","Kensington 72 inch bathroom vanity in Metal Gray, product view",,yes,
PR0992,Kensington-71.5-MGR-BN,Kensington,71.5,72,Metal Gray,2,shopify,Kensington-72-GR2.jpg,https://cdn.shopify.com/s/files/1/1138/0326/files/Kensington-72-GR2.jpg,bathroom-vanities-outlet/er-vanities/bathroom-vanity-kensington-72-metal-gray-pr0992-2,product,"c_pad,b_auto","Kensington 72 inch bathroom vanity in Metal Gray, product view",,yes,
PR0992,Kensington-71.5-MGR-BN,Kensington,71.5,72,Metal Gray,3,shopify,Kensington-72-GR.jpg,https://cdn.shopify.com/s/files/1/1138/0326/files/Kensington-72-GR.jpg,bathroom-vanities-outlet/er-vanities/bathroom-vanity-kensington-72-metal-gray-pr0992-3,product,"c_pad,b_auto","Kensington 72 inch bathroom vanity in Metal Gray, product view",,yes,
PR0992,Kensington-71.5-MGR-BN,Kensington,71.5,72,Metal Gray,4,shopify,Renovate-for-Less-Outlet-Kensington-72-in-Solid-Wood-Vanity-in-Metal-Gray---Cabinet-Only-Ethan-Roth-1657849386_94565c73-f945-4d51-8e97-05cc73ca4cf6.jpg,https://cdn.shopify.com/s/files/1/1138/0326/files/Renovate-for-Less-Outlet-Kensington-72-in-Solid-Wood-Vanity-in-Metal-Gray---Cabinet-Only-Ethan-Roth-1657849386_94565c73-f945-4d51-8e97-05cc73ca4cf6.jpg,bathroom-vanities-outlet/er-vanities/bathroom-vanity-kensington-72-metal-gray-pr0992-4,product,"c_pad,b_auto","Kensington 72 inch bathroom vanity in Metal Gray, catalogue photo",,yes,
PR0992,Kensington-71.5-MGR-BN,Kensington,71.5,72,Metal Gray,5,shopify,20260309_160550.jpg,https://cdn.shopify.com/s/files/1/1138/0326/files/20260309_160550.jpg,bathroom-vanities-outlet/er-vanities/shared-kensington-bright-white-5,REVIEW,"c_pad,b_auto","Kensington 72 inch bathroom vanity in Metal Gray, showroom photograph",,reference,14
PR0991,Kensington-71.5-WH-BN,Kensington,71.5,72,Bright White,1,shopify,Kensington-72-WH1.jpg,https://cdn.shopify.com/s/files/1/1138/0326/files/Kensington-72-WH1.jpg,bathroom-vanities-outlet/er-vanities/bathroom-vanity-kensington-72-bright-white-pr0991-1,product,"c_pad,b_auto","Kensington 72 inch bathroom vanity in Bright White, product view",,yes,
PR0991,Kensington-71.5-WH-BN,Kensington,71.5,72,Bright White,2,shopify,Kensington-72-WH2.jpg,https://cdn.shopify.com/s/files/1/1138/0326/files/Kensington-72-WH2.jpg,bathroom-vanities-outlet/er-vanities/bathroom-vanity-kensington-72-bright-white-pr0991-2,product,"c_pad,b_auto","Kensington 72 inch bathroom vanity in Bright White, product view",,yes,
PR0991,Kensington-71.5-WH-BN,Kensington,71.5,72,Bright White,3,shopify,Kensington-72-WH.jpg,https://cdn.shopify.com/s/files/1/1138/0326/files/Kensington-72-WH.jpg,bathroom-vanities-outlet/er-vanities/bathroom-vanity-kensington-72-bright-white-pr0991-3,product,"c_pad,b_auto","Kensington 72 inch bathroom vanity in Bright White, product view",,yes,
PR0991,Kensington-71.5-WH-BN,Kensington,71.5,72,Bright White,4,shopify,Renovate-for-Less-Outlet-Kensington-72-in-Solid-Wood-Vanity-in-White---Cabinet-Only-Ethan-Roth-1657849257_6f034ea5-b4de-49da-8678-6f9761d240f1.jpg,https://cdn.shopify.com/s/files/1/1138/0326/files/Renovate-for-Less-Outlet-Kensington-72-in-Solid-Wood-Vanity-in-White---Cabinet-Only-Ethan-Roth-1657849257_6f034ea5-b4de-49da-8678-6f9761d240f1.jpg,bathroom-vanities-outlet/er-vanities/bathroom-vanity-kensington-72-bright-white-pr0991-4,product,"c_pad,b_auto","Kensington 72 inch bathroom vanity in Bright White, catalogue photo",,yes,
PR0991,Kensington-71.5-WH-BN,Kensington,71.5,72,Bright White,5,shopify,20260309_160550.jpg,https://cdn.shopify.com/s/files/1/1138/0326/files/20260309_160550.jpg,bathroom-vanities-outlet/er-vanities/shared-kensington-bright-white-5,REVIEW,"c_pad,b_auto","Kensington 72 inch bathroom vanity in Bright White, showroom photograph",,reference,14
PR0994,London-23.5-DOAK-MB,London,23.5,24,Desert Oak,1,drive,V-180-London-23.5-2T6A3366 copy.jpg,https://drive.google.com/uc?id=1F15Ap65SraSpFtyzBjLw9s5BUlANhc8V,bathroom-vanities-outlet/er-vanities/bathroom-vanity-london-24-desert-oak-pr0994-1,lifestyle,"c_fill,g_auto","London 24 inch bathroom vanity in Desert Oak, styled in a modern bathroom",,yes,
PR0994,London-23.5-DOAK-MB,London,23.5,24,Desert Oak,2,drive,V-180-London-23.5-2T6A3367 copy.jpg,https://drive.google.com/uc?id=1eFiB2WssSFzcJg2jU2F8QnJFeEurI717,bathroom-vanities-outlet/er-vanities/bathroom-vanity-london-24-desert-oak-pr0994-2,lifestyle,"c_fill,g_auto","London 24 inch bathroom vanity in Desert Oak, styled in a modern bathroom",,yes,
PR0994,London-23.5-DOAK-MB,London,23.5,24,Desert Oak,3,drive,V-180-London-23.5-2T6A3368 copy.jpg,https://drive.google.com/uc?id=1rA09V1DVqvlOI46d18_avWqRh0Ur4oSu,bathroom-vanities-outlet/er-vanities/bathroom-vanity-london-24-desert-oak-pr0994-3,lifestyle,"c_fill,g_auto","London 24 inch bathroom vanity in Desert Oak, styled in a modern bathroom",,yes,
PR0994,London-23.5-DOAK-MB,London,23.5,24,Desert Oak,4,drive,V-180-London-23.5-2T6A3371 copy.jpg,https://drive.google.com/uc?id=1Y9vZLmecQ5UNLDNJ6qD1ByJHkvpUY72c,bathroom-vanities-outlet/er-vanities/bathroom-vanity-london-24-desert-oak-pr0994-4,lifestyle,"c_fill,g_auto","London 24 inch bathroom vanity in Desert Oak, styled in a modern bathroom",,yes,
PR0993,London-23.5-WH-BN,London,23.5,24,Bright White,1,shopify,London-24-WH-2T6A8827copy-min_1f63c856-0c56-4caa-b56a-033dcdc52945.jpg,https://cdn.shopify.com/s/files/1/1138/0326/files/London-24-WH-2T6A8827copy-min_1f63c856-0c56-4caa-b56a-033dcdc52945.jpg,bathroom-vanities-outlet/er-vanities/bathroom-vanity-london-24-bright-white-pr0993-1,product,"c_pad,b_auto","London 24 inch bathroom vanity in Bright White, product view",,yes,
PR0993,London-23.5-WH-BN,London,23.5,24,Bright White,2,shopify,London-24-WH-2T6A8832copy-min_02b3f71c-b85e-4a7e-a041-173c730371f0.jpg,https://cdn.shopify.com/s/files/1/1138/0326/files/London-24-WH-2T6A8832copy-min_02b3f71c-b85e-4a7e-a041-173c730371f0.jpg,bathroom-vanities-outlet/er-vanities/bathroom-vanity-london-24-bright-white-pr0993-2,product,"c_pad,b_auto","London 24 inch bathroom vanity in Bright White, product view",,yes,
PR0993,London-23.5-WH-BN,London,23.5,24,Bright White,3,shopify,London-24-WH-2T6A8833copy-min_d16fdf7e-91c9-481f-ab24-87cf8addc175.jpg,https://cdn.shopify.com/s/files/1/1138/0326/files/London-24-WH-2T6A8833copy-min_d16fdf7e-91c9-481f-ab24-87cf8addc175.jpg,bathroom-vanities-outlet/er-vanities/bathroom-vanity-london-24-bright-white-pr0993-3,product,"c_pad,b_auto","London 24 inch bathroom vanity in Bright White, product view",,yes,
PR0995,London-29-WH-BN,London,29,30,Bright White,1,shopify,London-30-WH-2T6A8837copy-min_8bd19bea-7da0-4da2-9cea-4f284a9527e8.jpg,https://cdn.shopify.com/s/files/1/1138/0326/files/London-30-WH-2T6A8837copy-min_8bd19bea-7da0-4da2-9cea-4f284a9527e8.jpg,bathroom-vanities-outlet/er-vanities/bathroom-vanity-london-30-bright-white-pr0995-1,product,"c_pad,b_auto","London 30 inch bathroom vanity in Bright White, product view",,yes,
PR0995,London-29-WH-BN,London,29,30,Bright White,2,shopify,London-30-WH-2T6A8838copy-min_c8583cde-e177-490c-8ae0-1f9a027a84aa.jpg,https://cdn.shopify.com/s/files/1/1138/0326/files/London-30-WH-2T6A8838copy-min_c8583cde-e177-490c-8ae0-1f9a027a84aa.jpg,bathroom-vanities-outlet/er-vanities/bathroom-vanity-london-30-bright-white-pr0995-2,product,"c_pad,b_auto","London 30 inch bathroom vanity in Bright White, product view",,yes,
PR0995,London-29-WH-BN,London,29,30,Bright White,3,shopify,London-30-WH-2T6A8839copy-min_316cffd3-65cb-4c8d-a1c0-92203750b1a0.jpg,https://cdn.shopify.com/s/files/1/1138/0326/files/London-30-WH-2T6A8839copy-min_316cffd3-65cb-4c8d-a1c0-92203750b1a0.jpg,bathroom-vanities-outlet/er-vanities/bathroom-vanity-london-30-bright-white-pr0995-3,product,"c_pad,b_auto","London 30 inch bathroom vanity in Bright White, product view",,yes,
PR0996,London-29.5-DOAK-MB,London,29.5,30,Desert Oak,1,drive,V-180-London-29.5-2T6A3354 copy.jpg,https://drive.google.com/uc?id=1wDpbh3squncvGcPhgom9FBbvptY2ieov,bathroom-vanities-outlet/er-vanities/bathroom-vanity-london-30-desert-oak-pr0996-1,lifestyle,"c_fill,g_auto","London 30 inch bathroom vanity in Desert Oak, styled in a modern bathroom",,yes,
PR0996,London-29.5-DOAK-MB,London,29.5,30,Desert Oak,2,drive,V-180-London-29.5-2T6A3355 copy.jpg,https://drive.google.com/uc?id=1iapl12SS5jM9lrFyxsJJ2pK01-rUbV3W,bathroom-vanities-outlet/er-vanities/bathroom-vanity-london-30-desert-oak-pr0996-2,lifestyle,"c_fill,g_auto","London 30 inch bathroom vanity in Desert Oak, styled in a modern bathroom",,yes,
PR0996,London-29.5-DOAK-MB,London,29.5,30,Desert Oak,3,drive,V-180-London-29.5-2T6A3356 copy.jpg,https://drive.google.com/uc?id=1rZBlSmowgV8SJrIRyDEglJvyIc-FecZb,bathroom-vanities-outlet/er-vanities/bathroom-vanity-london-30-desert-oak-pr0996-3,lifestyle,"c_fill,g_auto","London 30 inch bathroom vanity in Desert Oak, styled in a modern bathroom",,yes,
PR0996,London-29.5-DOAK-MB,London,29.5,30,Desert Oak,4,drive,V-180-London-29.5-2T6A3364 copy.jpg,https://drive.google.com/uc?id=1uvF0VXbtEvqDHw2rqWv6V8fVyTyj6Dg4,bathroom-vanities-outlet/er-vanities/bathroom-vanity-london-30-desert-oak-pr0996-4,lifestyle,"c_fill,g_auto","London 30 inch bathroom vanity in Desert Oak, styled in a modern bathroom",,yes,
PR0996,London-29.5-DOAK-MB,London,29.5,30,Desert Oak,5,drive,V-180-London-29.5-2T6A3354.ghep canh copy.jpg,https://drive.google.com/uc?id=1knPKcPrS4vikcbTVnstr7_sFzSlNEpXj,bathroom-vanities-outlet/er-vanities/bathroom-vanity-london-30-desert-oak-pr0996-5,lifestyle,"c_fill,g_auto","London 30 inch bathroom vanity in Desert Oak, composite view",,yes,
PR0998,London-35.5R-DOAK-MB,London,35.5R,36R,Desert Oak,1,drive,V-180-London-35.5-2T6A3342- copy.jpg,https://drive.google.com/uc?id=1UiLaZnfeTqQFWNVg8ky46iGm82m0lq2o,bathroom-vanities-outlet/er-vanities/bathroom-vanity-london-36r-desert-oak-pr0998-1,lifestyle,"c_fill,g_auto","London 36 inch right drawers bathroom vanity in Desert Oak, styled in a modern bathroom",,yes,
PR0998,London-35.5R-DOAK-MB,London,35.5R,36R,Desert Oak,2,drive,V-180-London-35.5-2T6A3343 copy.jpg,https://drive.google.com/uc?id=1P6Umx7Y5ZYoKow_YmbV2XU2_nWJtTgPY,bathroom-vanities-outlet/er-vanities/bathroom-vanity-london-36r-desert-oak-pr0998-2,lifestyle,"c_fill,g_auto","London 36 inch right drawers bathroom vanity in Desert Oak, styled in a modern bathroom",,yes,
PR0998,London-35.5R-DOAK-MB,London,35.5R,36R,Desert Oak,3,drive,V-180-London-35.5-2T6A3344 copy.jpg,https://drive.google.com/uc?id=15oez3LZ-U-W_zHt2lmU5x_wkrObiJWPi,bathroom-vanities-outlet/er-vanities/bathroom-vanity-london-36r-desert-oak-pr0998-3,lifestyle,"c_fill,g_auto","London 36 inch right drawers bathroom vanity in Desert Oak, styled in a modern bathroom",,yes,
PR0998,London-35.5R-DOAK-MB,London,35.5R,36R,Desert Oak,4,drive,V-180-London-35.5-2T6A3342.ghep canh copy.jpg,https://drive.google.com/uc?id=1ssyl0uLtWfepi-E5ft-kfRIilcNj9t7E,bathroom-vanities-outlet/er-vanities/bathroom-vanity-london-36r-desert-oak-pr0998-4,lifestyle,"c_fill,g_auto","London 36 inch right drawers bathroom vanity in Desert Oak, composite view",,yes,
PR0997,London-35.5R-WH-BN,London,35.5R,36R,Bright White,1,shopify,London-36R-WH-2T6A8843copy-min_892cc2ae-ed69-459a-986d-bced3e9ad415.jpg,https://cdn.shopify.com/s/files/1/1138/0326/files/London-36R-WH-2T6A8843copy-min_892cc2ae-ed69-459a-986d-bced3e9ad415.jpg,bathroom-vanities-outlet/er-vanities/bathroom-vanity-london-36r-bright-white-pr0997-1,product,"c_pad,b_auto","London 36 inch right drawers bathroom vanity in Bright White, product view",,yes,
PR0997,London-35.5R-WH-BN,London,35.5R,36R,Bright White,2,shopify,London-36R-WH-2T6A8844copy-min_317c5788-5c68-40af-85ed-e30c6a869707.jpg,https://cdn.shopify.com/s/files/1/1138/0326/files/London-36R-WH-2T6A8844copy-min_317c5788-5c68-40af-85ed-e30c6a869707.jpg,bathroom-vanities-outlet/er-vanities/bathroom-vanity-london-36r-bright-white-pr0997-2,product,"c_pad,b_auto","London 36 inch right drawers bathroom vanity in Bright White, product view",,yes,
PR0997,London-35.5R-WH-BN,London,35.5R,36R,Bright White,3,shopify,London-36R-WH-2T6A8845copy-min_a42e9f34-1e5c-46d5-9ab4-2a676480ad2d.jpg,https://cdn.shopify.com/s/files/1/1138/0326/files/London-36R-WH-2T6A8845copy-min_a42e9f34-1e5c-46d5-9ab4-2a676480ad2d.jpg,bathroom-vanities-outlet/er-vanities/bathroom-vanity-london-36r-bright-white-pr0997-3,product,"c_pad,b_auto","London 36 inch right drawers bathroom vanity in Bright White, product view",,yes,
PR1000,London-47.5-DOAK-MB,London,47.5,48,Desert Oak,1,drive,V-180-London-47.5-2T6A3329 copy.jpg,https://drive.google.com/uc?id=1_Ai0BoKVNin9bEVnh-sIo81VG2dtvtR3,bathroom-vanities-outlet/er-vanities/bathroom-vanity-london-48-desert-oak-pr1000-1,lifestyle,"c_fill,g_auto","London 48 inch bathroom vanity in Desert Oak, styled in a modern bathroom",,yes,
PR1000,London-47.5-DOAK-MB,London,47.5,48,Desert Oak,2,drive,V-180-London-47.5-2T6A3330 copy.jpg,https://drive.google.com/uc?id=17ajWmk_qy81e_mTyOKOPo9ovqDVUsgXf,bathroom-vanities-outlet/er-vanities/bathroom-vanity-london-48-desert-oak-pr1000-2,lifestyle,"c_fill,g_auto","London 48 inch bathroom vanity in Desert Oak, styled in a modern bathroom",,yes,
PR1000,London-47.5-DOAK-MB,London,47.5,48,Desert Oak,3,drive,V-180-London-47.5-2T6A3331 copy.jpg,https://drive.google.com/uc?id=1edA8xXOMDb4pvIjbJOZ9vCMtRy1PbBkF,bathroom-vanities-outlet/er-vanities/bathroom-vanity-london-48-desert-oak-pr1000-3,lifestyle,"c_fill,g_auto","London 48 inch bathroom vanity in Desert Oak, styled in a modern bathroom",,yes,
PR1000,London-47.5-DOAK-MB,London,47.5,48,Desert Oak,4,drive,V-180-London-47.5-2T6A3336 copy.jpg,https://drive.google.com/uc?id=1Yc4fOYTBjs6uu6VOAtyUnmJr1wEmzBL7,bathroom-vanities-outlet/er-vanities/bathroom-vanity-london-48-desert-oak-pr1000-4,lifestyle,"c_fill,g_auto","London 48 inch bathroom vanity in Desert Oak, styled in a modern bathroom",,yes,
PR0999,London-47.5-WH-BN,London,47.5,48,Bright White,1,shopify,London-48-WH-2T6A8850copy-min_91b43f6a-4962-4ed0-96e2-c69eda432ac6.jpg,https://cdn.shopify.com/s/files/1/1138/0326/files/London-48-WH-2T6A8850copy-min_91b43f6a-4962-4ed0-96e2-c69eda432ac6.jpg,bathroom-vanities-outlet/er-vanities/bathroom-vanity-london-48-bright-white-pr0999-1,product,"c_pad,b_auto","London 48 inch bathroom vanity in Bright White, product view",,yes,
PR0999,London-47.5-WH-BN,London,47.5,48,Bright White,2,shopify,London_White_48__Top_Down.png,https://cdn.shopify.com/s/files/1/1138/0326/files/London_White_48__Top_Down.png,bathroom-vanities-outlet/er-vanities/bathroom-vanity-london-48-bright-white-pr0999-2,product,"c_pad,b_auto","London 48 inch bathroom vanity in Bright White, render view",,yes,
PR0999,London-47.5-WH-BN,London,47.5,48,Bright White,3,shopify,London-48-WH-2T6A8851copy-min_117b6317-3e08-42de-9740-9726b783d0cb.jpg,https://cdn.shopify.com/s/files/1/1138/0326/files/London-48-WH-2T6A8851copy-min_117b6317-3e08-42de-9740-9726b783d0cb.jpg,bathroom-vanities-outlet/er-vanities/bathroom-vanity-london-48-bright-white-pr0999-3,product,"c_pad,b_auto","London 48 inch bathroom vanity in Bright White, product view",,yes,
PR1002,London-59.5D-DOAK-MB,London,59.5D,60D,Desert Oak,1,drive,V-180-London-59.5D-2T6A3315 copy.jpg,https://drive.google.com/uc?id=1Dq6zYRruvPATgKOgO4rGd-hmEJVffkVZ,bathroom-vanities-outlet/er-vanities/bathroom-vanity-london-60d-desert-oak-pr1002-1,lifestyle,"c_fill,g_auto","London 60 inch double sink bathroom vanity in Desert Oak, styled in a modern bathroom",,yes,
PR1002,London-59.5D-DOAK-MB,London,59.5D,60D,Desert Oak,2,drive,V-180-London-59.5D-2T6A3317 copy.jpg,https://drive.google.com/uc?id=1az4OE-wuBlIIOUlSkc_Wa8zubEVUyv2w,bathroom-vanities-outlet/er-vanities/bathroom-vanity-london-60d-desert-oak-pr1002-2,lifestyle,"c_fill,g_auto","London 60 inch double sink bathroom vanity in Desert Oak, styled in a modern bathroom",,yes,
PR1002,London-59.5D-DOAK-MB,London,59.5D,60D,Desert Oak,3,drive,V-180-London-59.5D-2T6A3318 copy.jpg,https://drive.google.com/uc?id=1KjjQ0FVQbWZRczLpL-QkXBHHBVHnQNXc,bathroom-vanities-outlet/er-vanities/bathroom-vanity-london-60d-desert-oak-pr1002-3,lifestyle,"c_fill,g_auto","London 60 inch double sink bathroom vanity in Desert Oak, styled in a modern bathroom",,yes,
PR1001,London-59.5D-WH-BN,London,59.5D,60D,Bright White,1,shopify,London-60D-WH-2T6A8855copy-min.jpg,https://cdn.shopify.com/s/files/1/1138/0326/files/London-60D-WH-2T6A8855copy-min.jpg,bathroom-vanities-outlet/er-vanities/bathroom-vanity-london-60d-bright-white-pr1001-1,product,"c_pad,b_auto","London 60 inch double sink bathroom vanity in Bright White, product view",,yes,
PR1001,London-59.5D-WH-BN,London,59.5D,60D,Bright White,2,shopify,London-60D-WH-2T6A8857copy-min.jpg,https://cdn.shopify.com/s/files/1/1138/0326/files/London-60D-WH-2T6A8857copy-min.jpg,bathroom-vanities-outlet/er-vanities/bathroom-vanity-london-60d-bright-white-pr1001-2,product,"c_pad,b_auto","London 60 inch double sink bathroom vanity in Bright White, product view",,yes,
PR1001,London-59.5D-WH-BN,London,59.5D,60D,Bright White,3,shopify,London-60D-WH-2T6A8858copy-min.jpg,https://cdn.shopify.com/s/files/1/1138/0326/files/London-60D-WH-2T6A8858copy-min.jpg,bathroom-vanities-outlet/er-vanities/bathroom-vanity-london-60d-bright-white-pr1001-3,product,"c_pad,b_auto","London 60 inch double sink bathroom vanity in Bright White, product view",,yes,
PR1004,London-59.5S-DOAK-MB,London,59.5S,60S,Desert Oak,1,drive,V-180-London-59.5S-2T6A3304 copy.jpg,https://drive.google.com/uc?id=1DLpcDUcd_iiHzQHPI3p8Dl3TADiZOlcH,bathroom-vanities-outlet/er-vanities/bathroom-vanity-london-60s-desert-oak-pr1004-1,lifestyle,"c_fill,g_auto","London 60 inch single sink bathroom vanity in Desert Oak, styled in a modern bathroom",,yes,
PR1004,London-59.5S-DOAK-MB,London,59.5S,60S,Desert Oak,2,drive,V-180-London-59.5S-2T6A3305 copy.jpg,https://drive.google.com/uc?id=1BCGNuLGhbnlXUTMBMw4Cdk2M9twiSYGU,bathroom-vanities-outlet/er-vanities/bathroom-vanity-london-60s-desert-oak-pr1004-2,lifestyle,"c_fill,g_auto","London 60 inch single sink bathroom vanity in Desert Oak, styled in a modern bathroom",,yes,
PR1004,London-59.5S-DOAK-MB,London,59.5S,60S,Desert Oak,3,drive,V-180-London-59.5S-2T6A3306 copy.jpg,https://drive.google.com/uc?id=1DsiDEI5ell1SeNn9RPF88ZnUs-WFoyqG,bathroom-vanities-outlet/er-vanities/bathroom-vanity-london-60s-desert-oak-pr1004-3,lifestyle,"c_fill,g_auto","London 60 inch single sink bathroom vanity in Desert Oak, styled in a modern bathroom",,yes,
PR1004,London-59.5S-DOAK-MB,London,59.5S,60S,Desert Oak,4,drive,V-180-London-59.5S-2T6A3304.ghep canh copy.jpg,https://drive.google.com/uc?id=1eOvYmxr_6-VxgfYJGNuG_WpaICFi7F3v,bathroom-vanities-outlet/er-vanities/bathroom-vanity-london-60s-desert-oak-pr1004-4,lifestyle,"c_fill,g_auto","London 60 inch single sink bathroom vanity in Desert Oak, composite view",,yes,
PR1003,London-59.5S-WH-BN,London,59.5S,60S,Bright White,1,shopify,London-60S-WH-2T6A8862copy-min_1eb9ca58-1ca2-4610-959d-6d6e6f569c95.jpg,https://cdn.shopify.com/s/files/1/1138/0326/files/London-60S-WH-2T6A8862copy-min_1eb9ca58-1ca2-4610-959d-6d6e6f569c95.jpg,bathroom-vanities-outlet/er-vanities/bathroom-vanity-london-60s-bright-white-pr1003-1,product,"c_pad,b_auto","London 60 inch single sink bathroom vanity in Bright White, product view",,yes,
PR1003,London-59.5S-WH-BN,London,59.5S,60S,Bright White,2,shopify,London-60S-WH-2T6A8863copy-min_732c6fc9-e3f7-4a9e-bf5a-7d90c0911e48.jpg,https://cdn.shopify.com/s/files/1/1138/0326/files/London-60S-WH-2T6A8863copy-min_732c6fc9-e3f7-4a9e-bf5a-7d90c0911e48.jpg,bathroom-vanities-outlet/er-vanities/bathroom-vanity-london-60s-bright-white-pr1003-2,product,"c_pad,b_auto","London 60 inch single sink bathroom vanity in Bright White, product view",,yes,
PR1003,London-59.5S-WH-BN,London,59.5S,60S,Bright White,3,shopify,London-60S-WH-2T6A8864copy-min_09cdbb8a-e34c-4573-bfa2-d0b0b8b31e25.jpg,https://cdn.shopify.com/s/files/1/1138/0326/files/London-60S-WH-2T6A8864copy-min_09cdbb8a-e34c-4573-bfa2-d0b0b8b31e25.jpg,bathroom-vanities-outlet/er-vanities/bathroom-vanity-london-60s-bright-white-pr1003-3,product,"c_pad,b_auto","London 60 inch single sink bathroom vanity in Bright White, product view",,yes,
PR1006,London-71.5-DOAK-MB,London,71.5,72,Desert Oak,1,drive,V-180-London-71.5-2T6A3277 copy.jpg,https://drive.google.com/uc?id=1FAi7V0hEtbSpmx5d6pET05H7PeclL58j,bathroom-vanities-outlet/er-vanities/bathroom-vanity-london-72-desert-oak-pr1006-1,lifestyle,"c_fill,g_auto","London 72 inch bathroom vanity in Desert Oak, styled in a modern bathroom",,yes,
PR1006,London-71.5-DOAK-MB,London,71.5,72,Desert Oak,2,drive,V-180-London-71.5-2T6A3284 copy.jpg,https://drive.google.com/uc?id=1b_z1lC2wwqey-cLIRDna9JVOCfwQBitH,bathroom-vanities-outlet/er-vanities/bathroom-vanity-london-72-desert-oak-pr1006-2,lifestyle,"c_fill,g_auto","London 72 inch bathroom vanity in Desert Oak, styled in a modern bathroom",,yes,
PR1006,London-71.5-DOAK-MB,London,71.5,72,Desert Oak,3,drive,V-180-London-71.5-2T6A3285 copy.jpg,https://drive.google.com/uc?id=1NXLcg-EjAAkV822qDb0jA8hnzyXq8b2y,bathroom-vanities-outlet/er-vanities/bathroom-vanity-london-72-desert-oak-pr1006-3,lifestyle,"c_fill,g_auto","London 72 inch bathroom vanity in Desert Oak, styled in a modern bathroom",,yes,
PR1006,London-71.5-DOAK-MB,London,71.5,72,Desert Oak,4,drive,V-180-London-71.5-2T6A3303 copy.jpg,https://drive.google.com/uc?id=1Q9eDq3tBlR2-jJ8hlx6AhGsRS4x5P2e1,bathroom-vanities-outlet/er-vanities/bathroom-vanity-london-72-desert-oak-pr1006-4,lifestyle,"c_fill,g_auto","London 72 inch bathroom vanity in Desert Oak, styled in a modern bathroom",,yes,
PR1006,London-71.5-DOAK-MB,London,71.5,72,Desert Oak,5,drive,V-180-London-71.5-2T6A3277.ghep canh copy.jpg,https://drive.google.com/uc?id=1YlPZDyit_ktyljx15BZL06TbLJWDUEdx,bathroom-vanities-outlet/er-vanities/bathroom-vanity-london-72-desert-oak-pr1006-5,lifestyle,"c_fill,g_auto","London 72 inch bathroom vanity in Desert Oak, composite view",,yes,
PR1005,London-71.5-WH-BN,London,71.5,72,Bright White,1,shopify,London-72-WH-2T6A8868copy-min_81781931-f544-4436-9edd-bd0908a6ba47.jpg,https://cdn.shopify.com/s/files/1/1138/0326/files/London-72-WH-2T6A8868copy-min_81781931-f544-4436-9edd-bd0908a6ba47.jpg,bathroom-vanities-outlet/er-vanities/bathroom-vanity-london-72-bright-white-pr1005-1,product,"c_pad,b_auto","London 72 inch bathroom vanity in Bright White, product view",,yes,
PR1005,London-71.5-WH-BN,London,71.5,72,Bright White,2,shopify,London-72-WH-2T6A8869copy-min_ba75155f-61d1-4d13-ba0e-cf773366cec5.jpg,https://cdn.shopify.com/s/files/1/1138/0326/files/London-72-WH-2T6A8869copy-min_ba75155f-61d1-4d13-ba0e-cf773366cec5.jpg,bathroom-vanities-outlet/er-vanities/bathroom-vanity-london-72-bright-white-pr1005-2,product,"c_pad,b_auto","London 72 inch bathroom vanity in Bright White, product view",,yes,
PR1005,London-71.5-WH-BN,London,71.5,72,Bright White,3,shopify,London-72-WH-2T6A8871copy-min_5ba57f58-e3fe-417e-bbe2-2cdf1a103716.jpg,https://cdn.shopify.com/s/files/1/1138/0326/files/London-72-WH-2T6A8871copy-min_5ba57f58-e3fe-417e-bbe2-2cdf1a103716.jpg,bathroom-vanities-outlet/er-vanities/bathroom-vanity-london-72-bright-white-pr1005-3,product,"c_pad,b_auto","London 72 inch bathroom vanity in Bright White, product view",,yes,
PR1024,Oxford-29.5-BLK-BG,Oxford,29.5,30,Black,1,drive,Oxford-29.5-BLK-BG_角度1.jpg,https://drive.google.com/uc?id=1b_tqyL3ybIYdOtYbFg6TH7VmHlW-3znn,bathroom-vanities-outlet/er-vanities/bathroom-vanity-oxford-30-black-pr1024-1,product,"c_pad,b_auto","Oxford 30 inch bathroom vanity in Black, front view",,yes,
PR1024,Oxford-29.5-BLK-BG,Oxford,29.5,30,Black,2,drive,Oxford-29.5-BLK-BG_角度2.jpg,https://drive.google.com/uc?id=1ZOFTmIQ1WNLCcaJW5yGi5trFJwIcYbT6,bathroom-vanities-outlet/er-vanities/bathroom-vanity-oxford-30-black-pr1024-2,product,"c_pad,b_auto","Oxford 30 inch bathroom vanity in Black, angled view",,yes,
PR1024,Oxford-29.5-BLK-BG,Oxford,29.5,30,Black,3,drive,Oxford-29.5-BLK-BG_角度3.jpg,https://drive.google.com/uc?id=1GHIa3DIe5f2XY5jeE3RIvry0wvzmXgDO,bathroom-vanities-outlet/er-vanities/bathroom-vanity-oxford-30-black-pr1024-3,product,"c_pad,b_auto","Oxford 30 inch bathroom vanity in Black, doors open",,yes,
PR1024,Oxford-29.5-BLK-BG,Oxford,29.5,30,Black,4,drive,Oxford-29.5-BLK_正面角度带背景.jpg,https://drive.google.com/uc?id=1cifVPdqPtzOsQ-5PGrgMERwbunjovxa3,bathroom-vanities-outlet/er-vanities/bathroom-vanity-oxford-30-black-pr1024-4,lifestyle,"c_fill,g_auto","Oxford 30 inch bathroom vanity in Black, styled in a modern bathroom",,yes,
PR1023,Oxford-29.5-CAMGRN-BG,Oxford,29.5,30,Sage Green,1,drive,Oxford-29.5-CAMGRN-BG_角度1.jpg,https://drive.google.com/uc?id=1s3ed4kiTnfkhMwe2q2X6UZyzx0BncJ-M,bathroom-vanities-outlet/er-vanities/bathroom-vanity-oxford-30-sage-green-pr1023-1,product,"c_pad,b_auto","Oxford 30 inch bathroom vanity in Sage Green, front view",,yes,
PR1023,Oxford-29.5-CAMGRN-BG,Oxford,29.5,30,Sage Green,2,drive,Oxford-29.5-CAMGRN-BG_角度2.jpg,https://drive.google.com/uc?id=1F9Q_d_dWiWgmqpXHlSY2LHgnPGxvU-qO,bathroom-vanities-outlet/er-vanities/bathroom-vanity-oxford-30-sage-green-pr1023-2,product,"c_pad,b_auto","Oxford 30 inch bathroom vanity in Sage Green, angled view",,yes,
PR1023,Oxford-29.5-CAMGRN-BG,Oxford,29.5,30,Sage Green,3,drive,Oxford-29.5-CAMGRN-BG_角度3.jpg,https://drive.google.com/uc?id=1vvU16RGdou-KzTGcKG6fhNKeh2sTAqei,bathroom-vanities-outlet/er-vanities/bathroom-vanity-oxford-30-sage-green-pr1023-3,product,"c_pad,b_auto","Oxford 30 inch bathroom vanity in Sage Green, doors open",,yes,
PR1023,Oxford-29.5-CAMGRN-BG,Oxford,29.5,30,Sage Green,4,drive,Oxford-29.5-CAMGRN-BG_正面角度带背景.jpg,https://drive.google.com/uc?id=1eEvRo-QUbpCQ2OBvr5rD0TcLIPjmeKIX,bathroom-vanities-outlet/er-vanities/bathroom-vanity-oxford-30-sage-green-pr1023-4,lifestyle,"c_fill,g_auto","Oxford 30 inch bathroom vanity in Sage Green, styled in a modern bathroom",,yes,
PR1264,Oxford-29.5-WA-MB,Oxford,29.5,30,Whitewashed Ash,1,shopify,V292-1-1-AAA_3796-1copy.jpg,https://cdn.shopify.com/s/files/1/1138/0326/files/V292-1-1-AAA_3796-1copy.jpg,bathroom-vanities-outlet/er-vanities/bathroom-vanity-oxford-30-whitewashed-ash-pr1264-1,product,"c_pad,b_auto","Oxford 30 inch bathroom vanity in Whitewashed Ash, product view",,yes,
PR1264,Oxford-29.5-WA-MB,Oxford,29.5,30,Whitewashed Ash,2,shopify,Oxford_White_Ash_30__Front_View.png,https://cdn.shopify.com/s/files/1/1138/0326/files/Oxford_White_Ash_30__Front_View.png,bathroom-vanities-outlet/er-vanities/bathroom-vanity-oxford-30-whitewashed-ash-pr1264-2,product,"c_pad,b_auto","Oxford 30 inch bathroom vanity in Whitewashed Ash, render view",,yes,
PR1264,Oxford-29.5-WA-MB,Oxford,29.5,30,Whitewashed Ash,3,shopify,Oxford_White_Ash_30__Top_Down.png,https://cdn.shopify.com/s/files/1/1138/0326/files/Oxford_White_Ash_30__Top_Down.png,bathroom-vanities-outlet/er-vanities/bathroom-vanity-oxford-30-whitewashed-ash-pr1264-3,product,"c_pad,b_auto","Oxford 30 inch bathroom vanity in Whitewashed Ash, render view",,yes,
PR1264,Oxford-29.5-WA-MB,Oxford,29.5,30,Whitewashed Ash,4,shopify,V292-1-1-AAA_3798_copy.jpg,https://cdn.shopify.com/s/files/1/1138/0326/files/V292-1-1-AAA_3798_copy.jpg,bathroom-vanities-outlet/er-vanities/bathroom-vanity-oxford-30-whitewashed-ash-pr1264-4,product,"c_pad,b_auto","Oxford 30 inch bathroom vanity in Whitewashed Ash, product view",,yes,
PR1264,Oxford-29.5-WA-MB,Oxford,29.5,30,Whitewashed Ash,5,shopify,V292-1-1-AAA_3797_copy.jpg,https://cdn.shopify.com/s/files/1/1138/0326/files/V292-1-1-AAA_3797_copy.jpg,bathroom-vanities-outlet/er-vanities/bathroom-vanity-oxford-30-whitewashed-ash-pr1264-5,product,"c_pad,b_auto","Oxford 30 inch bathroom vanity in Whitewashed Ash, product view",,yes,
PR1026,Oxford-35.5-BLK-BG,Oxford,35.5,36,Black,1,drive,Oxford-35.5-BLK-BG_角度1.jpg,https://drive.google.com/uc?id=1ya2GkqVDNtRW9d2PWUo4LoxYC-G5tDCp,bathroom-vanities-outlet/er-vanities/bathroom-vanity-oxford-36-black-pr1026-1,product,"c_pad,b_auto","Oxford 36 inch bathroom vanity in Black, front view",,yes,
PR1026,Oxford-35.5-BLK-BG,Oxford,35.5,36,Black,2,drive,Oxford-35.5-BLK-BG_角度2.jpg,https://drive.google.com/uc?id=1BPyM7t9KG7pB8AMyCoxAT_p-AX77LZU_,bathroom-vanities-outlet/er-vanities/bathroom-vanity-oxford-36-black-pr1026-2,product,"c_pad,b_auto","Oxford 36 inch bathroom vanity in Black, angled view",,yes,
PR1026,Oxford-35.5-BLK-BG,Oxford,35.5,36,Black,3,drive,Oxford-35.5-BLK-BG_角度3.jpg,https://drive.google.com/uc?id=1BCUZ5PqxbvdKkWo3jLvy5V6Mh6rTS1dk,bathroom-vanities-outlet/er-vanities/bathroom-vanity-oxford-36-black-pr1026-3,product,"c_pad,b_auto","Oxford 36 inch bathroom vanity in Black, doors open",,yes,
PR1025,Oxford-35.5-CAMGRN-BG,Oxford,35.5,36,Sage Green,1,drive,Oxford-35.5-CAMGRN-BG_角度1.jpg,https://drive.google.com/uc?id=1qsGBeK22ib8Bz0FltwU6O13cUt478OAz,bathroom-vanities-outlet/er-vanities/bathroom-vanity-oxford-36-sage-green-pr1025-1,product,"c_pad,b_auto","Oxford 36 inch bathroom vanity in Sage Green, front view",,yes,
PR1025,Oxford-35.5-CAMGRN-BG,Oxford,35.5,36,Sage Green,2,drive,Oxford-35.5-CAMGRN-BG_角度2.jpg,https://drive.google.com/uc?id=1ykXbxrzkeLKBLJAR2p1nDfjuTuaWJ18O,bathroom-vanities-outlet/er-vanities/bathroom-vanity-oxford-36-sage-green-pr1025-2,product,"c_pad,b_auto","Oxford 36 inch bathroom vanity in Sage Green, angled view",,yes,
PR1025,Oxford-35.5-CAMGRN-BG,Oxford,35.5,36,Sage Green,3,drive,Oxford-35.5-CAMGRN-BG_角度3.jpg,https://drive.google.com/uc?id=1lXeXsAHpwznoGubhebhWgDzdnp1AZj2b,bathroom-vanities-outlet/er-vanities/bathroom-vanity-oxford-36-sage-green-pr1025-3,product,"c_pad,b_auto","Oxford 36 inch bathroom vanity in Sage Green, doors open",,yes,
PR1025,Oxford-35.5-CAMGRN-BG,Oxford,35.5,36,Sage Green,4,drive,Oxford-35.5-CAMGRN-BG_正面角度带背景.jpg,https://drive.google.com/uc?id=1Yj6mzzBN5f5arTxYW-_8F_17VZY2wCIC,bathroom-vanities-outlet/er-vanities/bathroom-vanity-oxford-36-sage-green-pr1025-4,lifestyle,"c_fill,g_auto","Oxford 36 inch bathroom vanity in Sage Green, styled in a modern bathroom",,yes,
PR1265,Oxford-35.5-WA-MB,Oxford,35.5,36,Whitewashed Ash,1,shopify,V292-1-1-AAA_3793-1copy.jpg,https://cdn.shopify.com/s/files/1/1138/0326/files/V292-1-1-AAA_3793-1copy.jpg,bathroom-vanities-outlet/er-vanities/bathroom-vanity-oxford-36-whitewashed-ash-pr1265-1,product,"c_pad,b_auto","Oxford 36 inch bathroom vanity in Whitewashed Ash, product view",,yes,
PR1265,Oxford-35.5-WA-MB,Oxford,35.5,36,Whitewashed Ash,2,shopify,Oxford_White_Ash_36__Front_View.png,https://cdn.shopify.com/s/files/1/1138/0326/files/Oxford_White_Ash_36__Front_View.png,bathroom-vanities-outlet/er-vanities/bathroom-vanity-oxford-36-whitewashed-ash-pr1265-2,product,"c_pad,b_auto","Oxford 36 inch bathroom vanity in Whitewashed Ash, render view",,yes,
PR1265,Oxford-35.5-WA-MB,Oxford,35.5,36,Whitewashed Ash,3,shopify,Oxford_White_Ash_36__Top_Down.png,https://cdn.shopify.com/s/files/1/1138/0326/files/Oxford_White_Ash_36__Top_Down.png,bathroom-vanities-outlet/er-vanities/bathroom-vanity-oxford-36-whitewashed-ash-pr1265-3,product,"c_pad,b_auto","Oxford 36 inch bathroom vanity in Whitewashed Ash, render view",,yes,
PR1265,Oxford-35.5-WA-MB,Oxford,35.5,36,Whitewashed Ash,4,shopify,V292-1-1-AAA_3795_copy.jpg,https://cdn.shopify.com/s/files/1/1138/0326/files/V292-1-1-AAA_3795_copy.jpg,bathroom-vanities-outlet/er-vanities/bathroom-vanity-oxford-36-whitewashed-ash-pr1265-4,product,"c_pad,b_auto","Oxford 36 inch bathroom vanity in Whitewashed Ash, product view",,yes,
PR1265,Oxford-35.5-WA-MB,Oxford,35.5,36,Whitewashed Ash,5,shopify,V292-1-1-AAA_3794_copy.jpg,https://cdn.shopify.com/s/files/1/1138/0326/files/V292-1-1-AAA_3794_copy.jpg,bathroom-vanities-outlet/er-vanities/bathroom-vanity-oxford-36-whitewashed-ash-pr1265-5,product,"c_pad,b_auto","Oxford 36 inch bathroom vanity in Whitewashed Ash, product view",,yes,
PR1028,Oxford-41.5-BLK-BG,Oxford,41.5,42,Black,1,drive,Oxford-41.5-BLK-BG_角度1.jpg,https://drive.google.com/uc?id=1umzGX5BRAfFRD3GOhcwVtaOmiBXSEN-p,bathroom-vanities-outlet/er-vanities/bathroom-vanity-oxford-42-black-pr1028-1,product,"c_pad,b_auto","Oxford 42 inch bathroom vanity in Black, front view",,yes,
PR1028,Oxford-41.5-BLK-BG,Oxford,41.5,42,Black,2,drive,Oxford-41.5-BLK-BG_角度2.jpg,https://drive.google.com/uc?id=1M4YCf_CR2ZHrQ-cQcLs1MPNcw2_z6lOw,bathroom-vanities-outlet/er-vanities/bathroom-vanity-oxford-42-black-pr1028-2,product,"c_pad,b_auto","Oxford 42 inch bathroom vanity in Black, angled view",,yes,
PR1028,Oxford-41.5-BLK-BG,Oxford,41.5,42,Black,3,drive,Oxford-41.5-BLK-BG_角度3.jpg,https://drive.google.com/uc?id=1m84tnRjdIgVO4bKkJTj72yocD0uZUCXl,bathroom-vanities-outlet/er-vanities/bathroom-vanity-oxford-42-black-pr1028-3,product,"c_pad,b_auto","Oxford 42 inch bathroom vanity in Black, doors open",,yes,
PR1028,Oxford-41.5-BLK-BG,Oxford,41.5,42,Black,4,drive,Oxford-41.5-BLK-BG_1正面角度带背景.jpg,https://drive.google.com/uc?id=1NBpOokUELwQQjrVyvo8wkalpd3cPudqL,bathroom-vanities-outlet/er-vanities/bathroom-vanity-oxford-42-black-pr1028-4,lifestyle,"c_fill,g_auto","Oxford 42 inch bathroom vanity in Black, styled in a modern bathroom",,yes,
PR1027,Oxford-41.5-CAMGRN-BG,Oxford,41.5,42,Sage Green,1,drive,Oxford-41.5-CAMGRN-BG_角度1.jpg,https://drive.google.com/uc?id=1SidaRz6JQGlCKygl_DycpIvN18tGyKNN,bathroom-vanities-outlet/er-vanities/bathroom-vanity-oxford-42-sage-green-pr1027-1,product,"c_pad,b_auto","Oxford 42 inch bathroom vanity in Sage Green, front view",,yes,
PR1027,Oxford-41.5-CAMGRN-BG,Oxford,41.5,42,Sage Green,2,drive,Oxford-41.5-CAMGRN-BG_角度2.jpg,https://drive.google.com/uc?id=1G4KtEMoGL6f-loMgXfh_j3kOhgQqzlwn,bathroom-vanities-outlet/er-vanities/bathroom-vanity-oxford-42-sage-green-pr1027-2,product,"c_pad,b_auto","Oxford 42 inch bathroom vanity in Sage Green, angled view",,yes,
PR1027,Oxford-41.5-CAMGRN-BG,Oxford,41.5,42,Sage Green,3,drive,Oxford-41.5-CAMGRN-BG_角度3.jpg,https://drive.google.com/uc?id=1khicClue2kW6NWVNH_rZJ2zlcW8VJZlM,bathroom-vanities-outlet/er-vanities/bathroom-vanity-oxford-42-sage-green-pr1027-3,product,"c_pad,b_auto","Oxford 42 inch bathroom vanity in Sage Green, doors open",,yes,
PR1027,Oxford-41.5-CAMGRN-BG,Oxford,41.5,42,Sage Green,4,drive,Oxford-41.5-CAMGRN-BG_正面角度带背景.jpg,https://drive.google.com/uc?id=1tjmouvWWvi71dRzvUL2WtT6Dh-GbhnIY,bathroom-vanities-outlet/er-vanities/bathroom-vanity-oxford-42-sage-green-pr1027-4,lifestyle,"c_fill,g_auto","Oxford 42 inch bathroom vanity in Sage Green, styled in a modern bathroom",,yes,
PR1266,Oxford-41.5-WA-MB,Oxford,41.5,42,Whitewashed Ash,1,shopify,V292-1-1-AAA_3779-1copy.jpg,https://cdn.shopify.com/s/files/1/1138/0326/files/V292-1-1-AAA_3779-1copy.jpg,bathroom-vanities-outlet/er-vanities/bathroom-vanity-oxford-42-whitewashed-ash-pr1266-1,product,"c_pad,b_auto","Oxford 42 inch bathroom vanity in Whitewashed Ash, product view",,yes,
PR1266,Oxford-41.5-WA-MB,Oxford,41.5,42,Whitewashed Ash,2,shopify,Oxford_White_Ash_42__Front_View.png,https://cdn.shopify.com/s/files/1/1138/0326/files/Oxford_White_Ash_42__Front_View.png,bathroom-vanities-outlet/er-vanities/bathroom-vanity-oxford-42-whitewashed-ash-pr1266-2,product,"c_pad,b_auto","Oxford 42 inch bathroom vanity in Whitewashed Ash, render view",,yes,
PR1266,Oxford-41.5-WA-MB,Oxford,41.5,42,Whitewashed Ash,3,shopify,Oxford_White_Ash_42__Top_Down.png,https://cdn.shopify.com/s/files/1/1138/0326/files/Oxford_White_Ash_42__Top_Down.png,bathroom-vanities-outlet/er-vanities/bathroom-vanity-oxford-42-whitewashed-ash-pr1266-3,product,"c_pad,b_auto","Oxford 42 inch bathroom vanity in Whitewashed Ash, render view",,yes,
PR1266,Oxford-41.5-WA-MB,Oxford,41.5,42,Whitewashed Ash,4,shopify,Oxford_White_Ash_42__Side_View.png,https://cdn.shopify.com/s/files/1/1138/0326/files/Oxford_White_Ash_42__Side_View.png,bathroom-vanities-outlet/er-vanities/bathroom-vanity-oxford-42-whitewashed-ash-pr1266-4,product,"c_pad,b_auto","Oxford 42 inch bathroom vanity in Whitewashed Ash, render view",,yes,
PR1266,Oxford-41.5-WA-MB,Oxford,41.5,42,Whitewashed Ash,5,shopify,V292-1-1-AAA_3781_copy.jpg,https://cdn.shopify.com/s/files/1/1138/0326/files/V292-1-1-AAA_3781_copy.jpg,bathroom-vanities-outlet/er-vanities/bathroom-vanity-oxford-42-whitewashed-ash-pr1266-5,product,"c_pad,b_auto","Oxford 42 inch bathroom vanity in Whitewashed Ash, product view",,yes,
PR1266,Oxford-41.5-WA-MB,Oxford,41.5,42,Whitewashed Ash,6,shopify,V292-1-1-AAA_3791_copy.jpg,https://cdn.shopify.com/s/files/1/1138/0326/files/V292-1-1-AAA_3791_copy.jpg,bathroom-vanities-outlet/er-vanities/bathroom-vanity-oxford-42-whitewashed-ash-pr1266-6,product,"c_pad,b_auto","Oxford 42 inch bathroom vanity in Whitewashed Ash, product view",,yes,
PR1266,Oxford-41.5-WA-MB,Oxford,41.5,42,Whitewashed Ash,7,shopify,V292-1-1-AAA_3780_copy.jpg,https://cdn.shopify.com/s/files/1/1138/0326/files/V292-1-1-AAA_3780_copy.jpg,bathroom-vanities-outlet/er-vanities/bathroom-vanity-oxford-42-whitewashed-ash-pr1266-7,product,"c_pad,b_auto","Oxford 42 inch bathroom vanity in Whitewashed Ash, product view",,yes,
PR1029,Oxford-47-CAMGRN-BG,Oxford,47,48,Sage Green,1,drive,Oxford-47.5-CAMGRN-BG_角度1.jpg,https://drive.google.com/uc?id=1KSOhC8CHuvHvkOEw-pLVehaWgWvB5VYs,bathroom-vanities-outlet/er-vanities/bathroom-vanity-oxford-48-sage-green-pr1029-1,product,"c_pad,b_auto","Oxford 48 inch bathroom vanity in Sage Green, front view",,yes,
PR1029,Oxford-47-CAMGRN-BG,Oxford,47,48,Sage Green,2,drive,Oxford-47.5-CAMGRN-BG_角度2.jpg,https://drive.google.com/uc?id=1D0Exrribke7vDhUHbwS7lcV1Ad6lkJja,bathroom-vanities-outlet/er-vanities/bathroom-vanity-oxford-48-sage-green-pr1029-2,product,"c_pad,b_auto","Oxford 48 inch bathroom vanity in Sage Green, angled view",,yes,
PR1029,Oxford-47-CAMGRN-BG,Oxford,47,48,Sage Green,3,drive,Oxford-47.5-CAMGRN-BG_角度3.jpg,https://drive.google.com/uc?id=1CNrDcDNgUJgUm0--jWI_uL2FkV2vAw7L,bathroom-vanities-outlet/er-vanities/bathroom-vanity-oxford-48-sage-green-pr1029-3,product,"c_pad,b_auto","Oxford 48 inch bathroom vanity in Sage Green, doors open",,yes,
PR1029,Oxford-47-CAMGRN-BG,Oxford,47,48,Sage Green,4,drive,Oxford-47.5-CAMGRN-BG_正面角度带背景.jpg,https://drive.google.com/uc?id=19eXBtJnKdTq9Lpt2-dfVf7lWYa-Q_ZdM,bathroom-vanities-outlet/er-vanities/bathroom-vanity-oxford-48-sage-green-pr1029-4,lifestyle,"c_fill,g_auto","Oxford 48 inch bathroom vanity in Sage Green, styled in a modern bathroom",,yes,
PR1030,Oxford-47.5-BLK-BG,Oxford,47.5,48,Black,1,drive,Oxford-47.5-BLK-BG_角度1.jpg,https://drive.google.com/uc?id=1uL267NC-oNYEoKl1y3JTOKX3Bq0oscyF,bathroom-vanities-outlet/er-vanities/bathroom-vanity-oxford-48-black-pr1030-1,product,"c_pad,b_auto","Oxford 48 inch bathroom vanity in Black, front view",,yes,
PR1030,Oxford-47.5-BLK-BG,Oxford,47.5,48,Black,2,drive,Oxford-47.5-BLK-BG_角度2.jpg,https://drive.google.com/uc?id=1B1OJjdag1jbf2ZuLhU3z9Cff4PV0D1xR,bathroom-vanities-outlet/er-vanities/bathroom-vanity-oxford-48-black-pr1030-2,product,"c_pad,b_auto","Oxford 48 inch bathroom vanity in Black, angled view",,yes,
PR1030,Oxford-47.5-BLK-BG,Oxford,47.5,48,Black,3,drive,Oxford-47.5-BLK-BG_角度3.jpg,https://drive.google.com/uc?id=1a7UGcYHd6l3pR4fPbacfNaJnXonB1eNv,bathroom-vanities-outlet/er-vanities/bathroom-vanity-oxford-48-black-pr1030-3,product,"c_pad,b_auto","Oxford 48 inch bathroom vanity in Black, doors open",,yes,
PR1030,Oxford-47.5-BLK-BG,Oxford,47.5,48,Black,4,drive,Oxford-47.5-BLK-BG_正面角度带背景.jpg,https://drive.google.com/uc?id=1NY-5o4iqmgtSvjfiZulC4rJGDyfw0Bvb,bathroom-vanities-outlet/er-vanities/bathroom-vanity-oxford-48-black-pr1030-4,lifestyle,"c_fill,g_auto","Oxford 48 inch bathroom vanity in Black, styled in a modern bathroom",,yes,
PR1267,Oxford-47.5-WA-MB,Oxford,47.5,48,Whitewashed Ash,1,shopify,V292-1-1-AAA_3775-1copy.jpg,https://cdn.shopify.com/s/files/1/1138/0326/files/V292-1-1-AAA_3775-1copy.jpg,bathroom-vanities-outlet/er-vanities/bathroom-vanity-oxford-48-whitewashed-ash-pr1267-1,product,"c_pad,b_auto","Oxford 48 inch bathroom vanity in Whitewashed Ash, product view",,yes,
PR1267,Oxford-47.5-WA-MB,Oxford,47.5,48,Whitewashed Ash,2,shopify,Oxford_White_Ash_48__Front_View.png,https://cdn.shopify.com/s/files/1/1138/0326/files/Oxford_White_Ash_48__Front_View.png,bathroom-vanities-outlet/er-vanities/bathroom-vanity-oxford-48-whitewashed-ash-pr1267-2,product,"c_pad,b_auto","Oxford 48 inch bathroom vanity in Whitewashed Ash, render view",,yes,
PR1267,Oxford-47.5-WA-MB,Oxford,47.5,48,Whitewashed Ash,3,shopify,Oxford_White_Ash_48__Top_Down.png,https://cdn.shopify.com/s/files/1/1138/0326/files/Oxford_White_Ash_48__Top_Down.png,bathroom-vanities-outlet/er-vanities/bathroom-vanity-oxford-48-whitewashed-ash-pr1267-3,product,"c_pad,b_auto","Oxford 48 inch bathroom vanity in Whitewashed Ash, render view",,yes,
PR1267,Oxford-47.5-WA-MB,Oxford,47.5,48,Whitewashed Ash,4,shopify,Oxford_White_Ash_48__Side_View.png,https://cdn.shopify.com/s/files/1/1138/0326/files/Oxford_White_Ash_48__Side_View.png,bathroom-vanities-outlet/er-vanities/bathroom-vanity-oxford-48-whitewashed-ash-pr1267-4,product,"c_pad,b_auto","Oxford 48 inch bathroom vanity in Whitewashed Ash, render view",,yes,
PR1267,Oxford-47.5-WA-MB,Oxford,47.5,48,Whitewashed Ash,5,shopify,V292-1-1-AAA_3778_copy.jpg,https://cdn.shopify.com/s/files/1/1138/0326/files/V292-1-1-AAA_3778_copy.jpg,bathroom-vanities-outlet/er-vanities/bathroom-vanity-oxford-48-whitewashed-ash-pr1267-5,product,"c_pad,b_auto","Oxford 48 inch bathroom vanity in Whitewashed Ash, product view",,yes,
PR1267,Oxford-47.5-WA-MB,Oxford,47.5,48,Whitewashed Ash,6,shopify,V292-1-1-AAA_3791_copy_64365fdc-32e7-41b4-9070-b5b14179da5e.jpg,https://cdn.shopify.com/s/files/1/1138/0326/files/V292-1-1-AAA_3791_copy_64365fdc-32e7-41b4-9070-b5b14179da5e.jpg,bathroom-vanities-outlet/er-vanities/bathroom-vanity-oxford-48-whitewashed-ash-pr1267-6,product,"c_pad,b_auto","Oxford 48 inch bathroom vanity in Whitewashed Ash, product view",,yes,
PR1267,Oxford-47.5-WA-MB,Oxford,47.5,48,Whitewashed Ash,7,shopify,V292-1-1-AAA_3777_copy.jpg,https://cdn.shopify.com/s/files/1/1138/0326/files/V292-1-1-AAA_3777_copy.jpg,bathroom-vanities-outlet/er-vanities/bathroom-vanity-oxford-48-whitewashed-ash-pr1267-7,product,"c_pad,b_auto","Oxford 48 inch bathroom vanity in Whitewashed Ash, product view",,yes,
PR1008,Windsor-29.5-NVBLU-BG,Windsor,29.5,30,Navy Blue,1,shopify,Windsor_Blue_30__Front_View.png,https://cdn.shopify.com/s/files/1/1138/0326/files/Windsor_Blue_30__Front_View.png,bathroom-vanities-outlet/er-vanities/bathroom-vanity-windsor-30-navy-blue-pr1008-1,product,"c_pad,b_auto","Windsor 30 inch bathroom vanity in Navy Blue, render view",,yes,
PR1008,Windsor-29.5-NVBLU-BG,Windsor,29.5,30,Navy Blue,2,shopify,Windsor_Blue_30__Top_Down.png,https://cdn.shopify.com/s/files/1/1138/0326/files/Windsor_Blue_30__Top_Down.png,bathroom-vanities-outlet/er-vanities/bathroom-vanity-windsor-30-navy-blue-pr1008-2,product,"c_pad,b_auto","Windsor 30 inch bathroom vanity in Navy Blue, render view",,yes,
PR1008,Windsor-29.5-NVBLU-BG,Windsor,29.5,30,Navy Blue,3,shopify,Atlanta_Solo_Closed_2.png,https://cdn.shopify.com/s/files/1/1138/0326/files/Atlanta_Solo_Closed_2.png,bathroom-vanities-outlet/er-vanities/bathroom-vanity-windsor-30-navy-blue-pr1008-3,product,"c_pad,b_auto","Windsor 30 inch bathroom vanity in Navy Blue, studio render",,yes,
PR1007,Windsor-29.5-WH-BN,Windsor,29.5,30,Bright White,1,shopify,Windsor_White_30__Front_View.png,https://cdn.shopify.com/s/files/1/1138/0326/files/Windsor_White_30__Front_View.png,bathroom-vanities-outlet/er-vanities/bathroom-vanity-windsor-30-bright-white-pr1007-1,product,"c_pad,b_auto","Windsor 30 inch bathroom vanity in Bright White, render view",,yes,
PR1007,Windsor-29.5-WH-BN,Windsor,29.5,30,Bright White,2,shopify,Windsor_White_30__Top_Down.png,https://cdn.shopify.com/s/files/1/1138/0326/files/Windsor_White_30__Top_Down.png,bathroom-vanities-outlet/er-vanities/bathroom-vanity-windsor-30-bright-white-pr1007-2,product,"c_pad,b_auto","Windsor 30 inch bathroom vanity in Bright White, render view",,yes,
PR1007,Windsor-29.5-WH-BN,Windsor,29.5,30,Bright White,3,shopify,2_7885b48a-a4f2-4bde-bcb9-a6d2b6f838d2.jpg,https://cdn.shopify.com/s/files/1/1138/0326/files/2_7885b48a-a4f2-4bde-bcb9-a6d2b6f838d2.jpg,bathroom-vanities-outlet/er-vanities/bathroom-vanity-windsor-30-bright-white-pr1007-3,product,"c_pad,b_auto","Windsor 30 inch bathroom vanity in Bright White, studio render",,yes,
PR1007,Windsor-29.5-WH-BN,Windsor,29.5,30,Bright White,4,shopify,3_23374c51-9b7f-41a5-a83d-ae90c7c1b123.jpg,https://cdn.shopify.com/s/files/1/1138/0326/files/3_23374c51-9b7f-41a5-a83d-ae90c7c1b123.jpg,bathroom-vanities-outlet/er-vanities/bathroom-vanity-windsor-30-bright-white-pr1007-4,product,"c_pad,b_auto","Windsor 30 inch bathroom vanity in Bright White, studio render",,yes,
PR1007,Windsor-29.5-WH-BN,Windsor,29.5,30,Bright White,5,shopify,4_2d434e18-703d-4acc-a5da-aa4db863e27c.jpg,https://cdn.shopify.com/s/files/1/1138/0326/files/4_2d434e18-703d-4acc-a5da-aa4db863e27c.jpg,bathroom-vanities-outlet/er-vanities/bathroom-vanity-windsor-30-bright-white-pr1007-5,product,"c_pad,b_auto","Windsor 30 inch bathroom vanity in Bright White, studio render",,yes,
PR1012,Windsor-35.5L-NVBLU-BG,Windsor,35.5L,36L,Navy Blue,1,shopify,Atlanta_Solo_Closed.png,https://cdn.shopify.com/s/files/1/1138/0326/files/Atlanta_Solo_Closed.png,bathroom-vanities-outlet/er-vanities/shared-windsor-navy-blue-6,product,"c_pad,b_auto","Windsor 36 inch left drawers bathroom vanity in Navy Blue, studio render",,yes,2
PR1012,Windsor-35.5L-NVBLU-BG,Windsor,35.5L,36L,Navy Blue,2,shopify,Atlanta_Solo_Open.png,https://cdn.shopify.com/s/files/1/1138/0326/files/Atlanta_Solo_Open.png,bathroom-vanities-outlet/er-vanities/shared-windsor-navy-blue-7,product,"c_pad,b_auto","Windsor 36 inch left drawers bathroom vanity in Navy Blue, studio render",,yes,2
PR1011,Windsor-35.5L-WH-BN,Windsor,35.5L,36L,Bright White,1,shopify,1_91fa1ae1-d76c-4c5f-90bc-1e5b92fd95b2.jpg,https://cdn.shopify.com/s/files/1/1138/0326/files/1_91fa1ae1-d76c-4c5f-90bc-1e5b92fd95b2.jpg,bathroom-vanities-outlet/er-vanities/shared-windsor-bright-white-8,lifestyle,"c_fill,g_auto","Windsor 36 inch left drawers bathroom vanity in Bright White, styled in a modern bathroom",,yes,2
PR1011,Windsor-35.5L-WH-BN,Windsor,35.5L,36L,Bright White,2,shopify,2_1d8f89aa-7625-4016-8303-79976b01c808.jpg,https://cdn.shopify.com/s/files/1/1138/0326/files/2_1d8f89aa-7625-4016-8303-79976b01c808.jpg,bathroom-vanities-outlet/er-vanities/shared-windsor-bright-white-9,product,"c_pad,b_auto","Windsor 36 inch left drawers bathroom vanity in Bright White, studio render",,yes,2
PR1011,Windsor-35.5L-WH-BN,Windsor,35.5L,36L,Bright White,3,shopify,3_cae019cc-06d2-4e70-917c-45445caa9c0d.jpg,https://cdn.shopify.com/s/files/1/1138/0326/files/3_cae019cc-06d2-4e70-917c-45445caa9c0d.jpg,bathroom-vanities-outlet/er-vanities/shared-windsor-bright-white-10,product,"c_pad,b_auto","Windsor 36 inch left drawers bathroom vanity in Bright White, studio render",,yes,2
PR1011,Windsor-35.5L-WH-BN,Windsor,35.5L,36L,Bright White,4,shopify,4_8b79e306-b7a1-460a-a487-564cacd91a21.jpg,https://cdn.shopify.com/s/files/1/1138/0326/files/4_8b79e306-b7a1-460a-a487-564cacd91a21.jpg,bathroom-vanities-outlet/er-vanities/shared-windsor-bright-white-11,product,"c_pad,b_auto","Windsor 36 inch left drawers bathroom vanity in Bright White, studio render",,yes,2
PR1010,Windsor-35.5R-NVBLU-BG,Windsor,35.5R,36R,Navy Blue,1,shopify,Atlanta_Solo_Closed.png,https://cdn.shopify.com/s/files/1/1138/0326/files/Atlanta_Solo_Closed.png,bathroom-vanities-outlet/er-vanities/shared-windsor-navy-blue-6,product,"c_pad,b_auto","Windsor 36 inch right drawers bathroom vanity in Navy Blue, studio render",,reference,2
PR1010,Windsor-35.5R-NVBLU-BG,Windsor,35.5R,36R,Navy Blue,2,shopify,Atlanta_Solo_Open.png,https://cdn.shopify.com/s/files/1/1138/0326/files/Atlanta_Solo_Open.png,bathroom-vanities-outlet/er-vanities/shared-windsor-navy-blue-7,product,"c_pad,b_auto","Windsor 36 inch right drawers bathroom vanity in Navy Blue, studio render",,reference,2
PR1009,Windsor-35.5R-WH-BN,Windsor,35.5R,36R,Bright White,1,shopify,1_91fa1ae1-d76c-4c5f-90bc-1e5b92fd95b2.jpg,https://cdn.shopify.com/s/files/1/1138/0326/files/1_91fa1ae1-d76c-4c5f-90bc-1e5b92fd95b2.jpg,bathroom-vanities-outlet/er-vanities/shared-windsor-bright-white-8,lifestyle,"c_fill,g_auto","Windsor 36 inch right drawers bathroom vanity in Bright White, styled in a modern bathroom",,reference,2
PR1009,Windsor-35.5R-WH-BN,Windsor,35.5R,36R,Bright White,2,shopify,2_1d8f89aa-7625-4016-8303-79976b01c808.jpg,https://cdn.shopify.com/s/files/1/1138/0326/files/2_1d8f89aa-7625-4016-8303-79976b01c808.jpg,bathroom-vanities-outlet/er-vanities/shared-windsor-bright-white-9,product,"c_pad,b_auto","Windsor 36 inch right drawers bathroom vanity in Bright White, studio render",,reference,2
PR1009,Windsor-35.5R-WH-BN,Windsor,35.5R,36R,Bright White,3,shopify,3_cae019cc-06d2-4e70-917c-45445caa9c0d.jpg,https://cdn.shopify.com/s/files/1/1138/0326/files/3_cae019cc-06d2-4e70-917c-45445caa9c0d.jpg,bathroom-vanities-outlet/er-vanities/shared-windsor-bright-white-10,product,"c_pad,b_auto","Windsor 36 inch right drawers bathroom vanity in Bright White, studio render",,reference,2
PR1009,Windsor-35.5R-WH-BN,Windsor,35.5R,36R,Bright White,4,shopify,4_8b79e306-b7a1-460a-a487-564cacd91a21.jpg,https://cdn.shopify.com/s/files/1/1138/0326/files/4_8b79e306-b7a1-460a-a487-564cacd91a21.jpg,bathroom-vanities-outlet/er-vanities/shared-windsor-bright-white-11,product,"c_pad,b_auto","Windsor 36 inch right drawers bathroom vanity in Bright White, studio render",,reference,2
PR1014,Windsor-47.5-NVBLU-BG,Windsor,47.5,48,Navy Blue,1,shopify,Windsor_Blue_48__Front_View.png,https://cdn.shopify.com/s/files/1/1138/0326/files/Windsor_Blue_48__Front_View.png,bathroom-vanities-outlet/er-vanities/bathroom-vanity-windsor-48-navy-blue-pr1014-1,product,"c_pad,b_auto","Windsor 48 inch bathroom vanity in Navy Blue, render view",,yes,
PR1014,Windsor-47.5-NVBLU-BG,Windsor,47.5,48,Navy Blue,2,shopify,Windsor_Blue_48__Top_Down.png,https://cdn.shopify.com/s/files/1/1138/0326/files/Windsor_Blue_48__Top_Down.png,bathroom-vanities-outlet/er-vanities/bathroom-vanity-windsor-48-navy-blue-pr1014-2,product,"c_pad,b_auto","Windsor 48 inch bathroom vanity in Navy Blue, render view",,yes,
PR1014,Windsor-47.5-NVBLU-BG,Windsor,47.5,48,Navy Blue,3,shopify,Windsor_Blue_48__Side_View.png,https://cdn.shopify.com/s/files/1/1138/0326/files/Windsor_Blue_48__Side_View.png,bathroom-vanities-outlet/er-vanities/bathroom-vanity-windsor-48-navy-blue-pr1014-3,product,"c_pad,b_auto","Windsor 48 inch bathroom vanity in Navy Blue, render view",,yes,
PR1014,Windsor-47.5-NVBLU-BG,Windsor,47.5,48,Navy Blue,4,shopify,Atlanta_Solo_Closed_f_3.png,https://cdn.shopify.com/s/files/1/1138/0326/files/Atlanta_Solo_Closed_f_3.png,bathroom-vanities-outlet/er-vanities/bathroom-vanity-windsor-48-navy-blue-pr1014-4,product,"c_pad,b_auto","Windsor 48 inch bathroom vanity in Navy Blue, studio render",,yes,
PR1014,Windsor-47.5-NVBLU-BG,Windsor,47.5,48,Navy Blue,5,shopify,Atlanta_Solo_Closed_5.png,https://cdn.shopify.com/s/files/1/1138/0326/files/Atlanta_Solo_Closed_5.png,bathroom-vanities-outlet/er-vanities/bathroom-vanity-windsor-48-navy-blue-pr1014-5,product,"c_pad,b_auto","Windsor 48 inch bathroom vanity in Navy Blue, studio render",,yes,
PR1014,Windsor-47.5-NVBLU-BG,Windsor,47.5,48,Navy Blue,6,shopify,Atlanta_Solo_Open_5.png,https://cdn.shopify.com/s/files/1/1138/0326/files/Atlanta_Solo_Open_5.png,bathroom-vanities-outlet/er-vanities/bathroom-vanity-windsor-48-navy-blue-pr1014-6,product,"c_pad,b_auto","Windsor 48 inch bathroom vanity in Navy Blue, studio render",,yes,
PR1013,Windsor-47.5-WH-BN,Windsor,47.5,48,Bright White,1,shopify,Windsor_White_48__Front_View.png,https://cdn.shopify.com/s/files/1/1138/0326/files/Windsor_White_48__Front_View.png,bathroom-vanities-outlet/er-vanities/bathroom-vanity-windsor-48-bright-white-pr1013-1,product,"c_pad,b_auto","Windsor 48 inch bathroom vanity in Bright White, render view",,yes,
PR1013,Windsor-47.5-WH-BN,Windsor,47.5,48,Bright White,2,shopify,Windsor_White_48__Top_Down.png,https://cdn.shopify.com/s/files/1/1138/0326/files/Windsor_White_48__Top_Down.png,bathroom-vanities-outlet/er-vanities/bathroom-vanity-windsor-48-bright-white-pr1013-2,product,"c_pad,b_auto","Windsor 48 inch bathroom vanity in Bright White, render view",,yes,
PR1013,Windsor-47.5-WH-BN,Windsor,47.5,48,Bright White,3,shopify,Windsor_White_48__Side_View.png,https://cdn.shopify.com/s/files/1/1138/0326/files/Windsor_White_48__Side_View.png,bathroom-vanities-outlet/er-vanities/bathroom-vanity-windsor-48-bright-white-pr1013-3,product,"c_pad,b_auto","Windsor 48 inch bathroom vanity in Bright White, render view",,yes,
PR1013,Windsor-47.5-WH-BN,Windsor,47.5,48,Bright White,4,shopify,2_629af96c-8c7c-4030-9ed2-70122fa5b686.jpg,https://cdn.shopify.com/s/files/1/1138/0326/files/2_629af96c-8c7c-4030-9ed2-70122fa5b686.jpg,bathroom-vanities-outlet/er-vanities/bathroom-vanity-windsor-48-bright-white-pr1013-4,product,"c_pad,b_auto","Windsor 48 inch bathroom vanity in Bright White, studio render",,yes,
PR1013,Windsor-47.5-WH-BN,Windsor,47.5,48,Bright White,5,shopify,3_f4cb1b2c-1458-4b8a-aab4-7a8c17492aa7.jpg,https://cdn.shopify.com/s/files/1/1138/0326/files/3_f4cb1b2c-1458-4b8a-aab4-7a8c17492aa7.jpg,bathroom-vanities-outlet/er-vanities/bathroom-vanity-windsor-48-bright-white-pr1013-5,product,"c_pad,b_auto","Windsor 48 inch bathroom vanity in Bright White, studio render",,yes,
PR1013,Windsor-47.5-WH-BN,Windsor,47.5,48,Bright White,6,shopify,4_865682c3-b60a-4dff-8a1a-a99e5ff59985.jpg,https://cdn.shopify.com/s/files/1/1138/0326/files/4_865682c3-b60a-4dff-8a1a-a99e5ff59985.jpg,bathroom-vanities-outlet/er-vanities/bathroom-vanity-windsor-48-bright-white-pr1013-6,product,"c_pad,b_auto","Windsor 48 inch bathroom vanity in Bright White, studio render",,yes,
PR1015,Windsor-59.5D-WH-BN,Windsor,59.5D,60D,Bright White,1,shopify,1_ccbfbe64-31d2-4ba0-90e0-9499e72e32fb.jpg,https://cdn.shopify.com/s/files/1/1138/0326/products/1_ccbfbe64-31d2-4ba0-90e0-9499e72e32fb.jpg,bathroom-vanities-outlet/er-vanities/bathroom-vanity-windsor-60d-bright-white-pr1015-1,lifestyle,"c_fill,g_auto","Windsor 60 inch double sink bathroom vanity in Bright White, styled in a modern bathroom",,yes,
PR1015,Windsor-59.5D-WH-BN,Windsor,59.5D,60D,Bright White,2,shopify,2_ebe47fc8-6085-4891-b8c3-902d129a1fdf.jpg,https://cdn.shopify.com/s/files/1/1138/0326/products/2_ebe47fc8-6085-4891-b8c3-902d129a1fdf.jpg,bathroom-vanities-outlet/er-vanities/bathroom-vanity-windsor-60d-bright-white-pr1015-2,product,"c_pad,b_auto","Windsor 60 inch double sink bathroom vanity in Bright White, studio render",,yes,
PR1015,Windsor-59.5D-WH-BN,Windsor,59.5D,60D,Bright White,3,shopify,3_cec84f13-75c2-4a21-a2c6-6a55176d31d5.jpg,https://cdn.shopify.com/s/files/1/1138/0326/products/3_cec84f13-75c2-4a21-a2c6-6a55176d31d5.jpg,bathroom-vanities-outlet/er-vanities/bathroom-vanity-windsor-60d-bright-white-pr1015-3,lifestyle,"c_fill,g_auto","Windsor 60 inch double sink bathroom vanity in Bright White, styled in a modern bathroom",,yes,
PR1015,Windsor-59.5D-WH-BN,Windsor,59.5D,60D,Bright White,4,shopify,4_0e276683-0172-41ff-b835-eecf7f8b0a8a.jpg,https://cdn.shopify.com/s/files/1/1138/0326/products/4_0e276683-0172-41ff-b835-eecf7f8b0a8a.jpg,bathroom-vanities-outlet/er-vanities/bathroom-vanity-windsor-60d-bright-white-pr1015-4,product,"c_pad,b_auto","Windsor 60 inch double sink bathroom vanity in Bright White, studio render",,yes,
PR1018,Windsor-59.5S-NVBLU-BG,Windsor,59.5S,60S,Navy Blue,1,shopify,Atlanta_Ls_Closed_f_3.png,https://cdn.shopify.com/s/files/1/1138/0326/files/Atlanta_Ls_Closed_f_3.png,bathroom-vanities-outlet/er-vanities/bathroom-vanity-windsor-60s-navy-blue-pr1018-1,product,"c_pad,b_auto","Windsor 60 inch single sink bathroom vanity in Navy Blue, studio render",,yes,
PR1018,Windsor-59.5S-NVBLU-BG,Windsor,59.5S,60S,Navy Blue,2,shopify,Atlanta_Solo_Closed_3.png,https://cdn.shopify.com/s/files/1/1138/0326/files/Atlanta_Solo_Closed_3.png,bathroom-vanities-outlet/er-vanities/bathroom-vanity-windsor-60s-navy-blue-pr1018-2,product,"c_pad,b_auto","Windsor 60 inch single sink bathroom vanity in Navy Blue, studio render",,yes,
PR1018,Windsor-59.5S-NVBLU-BG,Windsor,59.5S,60S,Navy Blue,3,shopify,Atlanta_Solo_Open_3.png,https://cdn.shopify.com/s/files/1/1138/0326/files/Atlanta_Solo_Open_3.png,bathroom-vanities-outlet/er-vanities/bathroom-vanity-windsor-60s-navy-blue-pr1018-3,product,"c_pad,b_auto","Windsor 60 inch single sink bathroom vanity in Navy Blue, studio render",,yes,
PR1017,Windsor-59.5S-WH-BN,Windsor,59.5S,60S,Bright White,1,shopify,1_dc65806d-7a10-460e-a262-f98c6efb9fbd.jpg,https://cdn.shopify.com/s/files/1/1138/0326/files/1_dc65806d-7a10-460e-a262-f98c6efb9fbd.jpg,bathroom-vanities-outlet/er-vanities/bathroom-vanity-windsor-60s-bright-white-pr1017-1,lifestyle,"c_fill,g_auto","Windsor 60 inch single sink bathroom vanity in Bright White, styled in a modern bathroom",,yes,
PR1017,Windsor-59.5S-WH-BN,Windsor,59.5S,60S,Bright White,2,shopify,2_847f54d2-52d2-4909-896f-f0d70aec11c6.jpg,https://cdn.shopify.com/s/files/1/1138/0326/files/2_847f54d2-52d2-4909-896f-f0d70aec11c6.jpg,bathroom-vanities-outlet/er-vanities/bathroom-vanity-windsor-60s-bright-white-pr1017-2,product,"c_pad,b_auto","Windsor 60 inch single sink bathroom vanity in Bright White, studio render",,yes,
PR1017,Windsor-59.5S-WH-BN,Windsor,59.5S,60S,Bright White,3,shopify,3_9a9985fe-0371-4a80-a43a-b1980c2d380e.jpg,https://cdn.shopify.com/s/files/1/1138/0326/files/3_9a9985fe-0371-4a80-a43a-b1980c2d380e.jpg,bathroom-vanities-outlet/er-vanities/bathroom-vanity-windsor-60s-bright-white-pr1017-3,product,"c_pad,b_auto","Windsor 60 inch single sink bathroom vanity in Bright White, studio render",,yes,
PR1017,Windsor-59.5S-WH-BN,Windsor,59.5S,60S,Bright White,4,shopify,4_1f6ad5dd-1659-43a9-a8c6-46b6d48fee12.jpg,https://cdn.shopify.com/s/files/1/1138/0326/files/4_1f6ad5dd-1659-43a9-a8c6-46b6d48fee12.jpg,bathroom-vanities-outlet/er-vanities/bathroom-vanity-windsor-60s-bright-white-pr1017-4,product,"c_pad,b_auto","Windsor 60 inch single sink bathroom vanity in Bright White, studio render",,yes,
PR1016,Windsor-59D-NVBLU-BG,Windsor,59D,59D,Navy Blue,1,shopify,Atlanta_Ls_Closed_f_1.png,https://cdn.shopify.com/s/files/1/1138/0326/files/Atlanta_Ls_Closed_f_1.png,bathroom-vanities-outlet/er-vanities/bathroom-vanity-windsor-59d-navy-blue-pr1016-1,product,"c_pad,b_auto","Windsor 59 inch double sink bathroom vanity in Navy Blue, studio render",,yes,
PR1016,Windsor-59D-NVBLU-BG,Windsor,59D,59D,Navy Blue,2,shopify,Atlanta_Solo_Closed_f_1.png,https://cdn.shopify.com/s/files/1/1138/0326/files/Atlanta_Solo_Closed_f_1.png,bathroom-vanities-outlet/er-vanities/bathroom-vanity-windsor-59d-navy-blue-pr1016-2,product,"c_pad,b_auto","Windsor 59 inch double sink bathroom vanity in Navy Blue, studio render",,yes,
PR1016,Windsor-59D-NVBLU-BG,Windsor,59D,59D,Navy Blue,3,shopify,Atlanta_Solo_Closed_1.png,https://cdn.shopify.com/s/files/1/1138/0326/files/Atlanta_Solo_Closed_1.png,bathroom-vanities-outlet/er-vanities/bathroom-vanity-windsor-59d-navy-blue-pr1016-3,product,"c_pad,b_auto","Windsor 59 inch double sink bathroom vanity in Navy Blue, studio render",,yes,
PR1016,Windsor-59D-NVBLU-BG,Windsor,59D,59D,Navy Blue,4,shopify,Atlanta_Solo_Open_1.png,https://cdn.shopify.com/s/files/1/1138/0326/files/Atlanta_Solo_Open_1.png,bathroom-vanities-outlet/er-vanities/bathroom-vanity-windsor-59d-navy-blue-pr1016-4,product,"c_pad,b_auto","Windsor 59 inch double sink bathroom vanity in Navy Blue, studio render",,yes,
PR1020,Windsor-71.5-NVBLU-BG,Windsor,71.5,72,Navy Blue,1,shopify,Atlanta_Ls_Closed_F_4.png,https://cdn.shopify.com/s/files/1/1138/0326/files/Atlanta_Ls_Closed_F_4.png,bathroom-vanities-outlet/er-vanities/bathroom-vanity-windsor-72-navy-blue-pr1020-1,product,"c_pad,b_auto","Windsor 72 inch bathroom vanity in Navy Blue, studio render",,yes,
PR1020,Windsor-71.5-NVBLU-BG,Windsor,71.5,72,Navy Blue,2,shopify,Atlanta_Solo_Closed_F_4.png,https://cdn.shopify.com/s/files/1/1138/0326/files/Atlanta_Solo_Closed_F_4.png,bathroom-vanities-outlet/er-vanities/bathroom-vanity-windsor-72-navy-blue-pr1020-2,product,"c_pad,b_auto","Windsor 72 inch bathroom vanity in Navy Blue, studio render",,yes,
PR1020,Windsor-71.5-NVBLU-BG,Windsor,71.5,72,Navy Blue,3,shopify,Atlanta_Solo_Closed_4.png,https://cdn.shopify.com/s/files/1/1138/0326/files/Atlanta_Solo_Closed_4.png,bathroom-vanities-outlet/er-vanities/bathroom-vanity-windsor-72-navy-blue-pr1020-3,product,"c_pad,b_auto","Windsor 72 inch bathroom vanity in Navy Blue, studio render",,yes,
PR1020,Windsor-71.5-NVBLU-BG,Windsor,71.5,72,Navy Blue,4,shopify,Atlanta_Solo_Open_4.png,https://cdn.shopify.com/s/files/1/1138/0326/files/Atlanta_Solo_Open_4.png,bathroom-vanities-outlet/er-vanities/bathroom-vanity-windsor-72-navy-blue-pr1020-4,product,"c_pad,b_auto","Windsor 72 inch bathroom vanity in Navy Blue, studio render",,yes,
PR1019,Windsor-71.5-WH-BN,Windsor,71.5,72,Bright White,1,shopify,1_00000.jpg,https://cdn.shopify.com/s/files/1/1138/0326/files/1_00000.jpg,bathroom-vanities-outlet/er-vanities/bathroom-vanity-windsor-72-bright-white-pr1019-1,lifestyle,"c_fill,g_auto","Windsor 72 inch bathroom vanity in Bright White, styled in a modern bathroom",,yes,
PR1019,Windsor-71.5-WH-BN,Windsor,71.5,72,Bright White,2,shopify,2_00000.jpg,https://cdn.shopify.com/s/files/1/1138/0326/files/2_00000.jpg,bathroom-vanities-outlet/er-vanities/bathroom-vanity-windsor-72-bright-white-pr1019-2,product,"c_pad,b_auto","Windsor 72 inch bathroom vanity in Bright White, studio render",,yes,
PR1019,Windsor-71.5-WH-BN,Windsor,71.5,72,Bright White,3,shopify,3_00000.jpg,https://cdn.shopify.com/s/files/1/1138/0326/files/3_00000.jpg,bathroom-vanities-outlet/er-vanities/bathroom-vanity-windsor-72-bright-white-pr1019-3,lifestyle,"c_fill,g_auto","Windsor 72 inch bathroom vanity in Bright White, styled in a modern bathroom",,yes,
PR1019,Windsor-71.5-WH-BN,Windsor,71.5,72,Bright White,4,shopify,4_00000.jpg,https://cdn.shopify.com/s/files/1/1138/0326/files/4_00000.jpg,bathroom-vanities-outlet/er-vanities/bathroom-vanity-windsor-72-bright-white-pr1019-4,product,"c_pad,b_auto","Windsor 72 inch bathroom vanity in Bright White, studio render",,yes,
PR1021,Windsor-LC-WH-BN,Windsor,LC,lc,Bright White,1,shopify,1_23ceb5d0-54b6-4fc1-8051-5f2e75e0d4b5.jpg,https://cdn.shopify.com/s/files/1/1138/0326/files/1_23ceb5d0-54b6-4fc1-8051-5f2e75e0d4b5.jpg,bathroom-vanities-outlet/er-vanities/linen-tower-windsor-lc-bright-white-pr1021-1,lifestyle,"c_fill,g_auto","Windsor lc inch bathroom vanity in Bright White, styled in a modern bathroom",,yes,
PR1021,Windsor-LC-WH-BN,Windsor,LC,lc,Bright White,2,shopify,2_96151ab1-aab3-4212-8e8c-7e6e39e56605.jpg,https://cdn.shopify.com/s/files/1/1138/0326/files/2_96151ab1-aab3-4212-8e8c-7e6e39e56605.jpg,bathroom-vanities-outlet/er-vanities/linen-tower-windsor-lc-bright-white-pr1021-2,product,"c_pad,b_auto","Windsor lc inch bathroom vanity in Bright White, studio render",,yes,
PR1021,Windsor-LC-WH-BN,Windsor,LC,lc,Bright White,3,shopify,3_3565c104-cc98-4ab8-9573-00f4a2c3509c.jpg,https://cdn.shopify.com/s/files/1/1138/0326/files/3_3565c104-cc98-4ab8-9573-00f4a2c3509c.jpg,bathroom-vanities-outlet/er-vanities/linen-tower-windsor-lc-bright-white-pr1021-3,product,"c_pad,b_auto","Windsor lc inch bathroom vanity in Bright White, studio render",,yes,
PR1021,Windsor-LC-WH-BN,Windsor,LC,lc,Bright White,4,shopify,4_c5834ae6-974d-4963-b2f6-32adba6a11d6.jpg,https://cdn.shopify.com/s/files/1/1138/0326/files/4_c5834ae6-974d-4963-b2f6-32adba6a11d6.jpg,bathroom-vanities-outlet/er-vanities/linen-tower-windsor-lc-bright-white-pr1021-4,product,"c_pad,b_auto","Windsor lc inch bathroom vanity in Bright White, studio render",,yes,
